wavelength,L,R,reflectance
350.60193709,91.36040023,82.56598368262239,173.92638391262238
351.03772818,90.41270463,83.0093839883118,173.4220886183118
351.47350942,90.84313726,83.42584013972353,174.26897739972355
351.90928082,90.80109955,84.50561694777511,175.3067164977751
352.34504234,90.67838452,84.42630384077091,175.10468836077092
352.78079397,90.81038397,84.14615547370748,174.95653944370747
353.21653569,91.11682658,84.3700129397171,175.48683951971708
353.65226748,91.38443255,84.31582348456564,175.70025603456565
354.08798932,91.2978913,85.00754487847696,176.30543617847695
354.5237012,91.30778349,85.20105789878865,176.50884138878865
354.95940309,91.29404797,85.36463477674974,176.65868274674972
355.39509497,91.67903434,84.76007128117506,176.43910562117506
355.83077683,91.26088678,84.70303040859629,175.9639171885963
356.26644864,91.138115,84.81242228278944,175.95053728278944
356.70211039,90.89387674,84.4314765851535,175.32535332515351
357.13776206,90.86005688,84.18111218588632,175.04116906588632
357.57340363,90.95630021,84.08269182085753,175.03899203085751
358.00903508,90.44822862,83.42584606974839,173.8740746897484
358.44465639,90.21472694,84.86789670905603,175.08262364905602
358.88026755,90.15129331,84.93586152835219,175.0871548383522
359.31586852,90.22269975,84.83279432864735,175.05549407864737
359.7514593,90.25224872,83.71762101438391,173.9698697343839
360.18703986,90.56124939,84.56162202397547,175.12287141397547
360.62261019,90.99116782,85.24894921101289,176.2401170310129
361.05817026,91.2007874,84.85997138724646,176.06075878724647
361.49372007,90.99152376,84.83619231760117,175.82771607760117
361.92925958,90.78042067,84.8893440430881,175.6697647130881
362.36478878,91.08060056,85.0023499618969,176.0829505218969
362.80030765,90.62840178,83.96893117412871,174.59733295412872
363.23581617,90.42595148,83.64004787667032,174.06599935667032
363.67131432,90.18199706,84.51614240242712,174.69813946242712
364.10680209,90.24198309,85.92754493859391,176.1695280285939
364.54227945,90.30255248,85.45563636792981,175.75818884792983
364.97774638,90.14084507,85.13510775386099,175.275952823861
365.41320287,90.32577483,85.09005757121973,175.41583240121975
365.8486489,90.43710443,84.6260306540312,175.06313508403122
366.28408445,89.91480087,84.6924433832973,174.6072442532973
366.71950949,89.53499852,84.26821005735283,173.80320857735285
367.15492401,89.52305717,84.71059465447632,174.23365182447634
367.590328,89.20516103,84.6630753649283,173.86823639492832
368.02572142,89.23713779,84.98072372171376,174.21786151171375
368.46110427,89.24125667,84.80285196488205,174.04410863488204
368.89647652,89.33201386,84.86892706549914,174.20094092549914
369.33183815,89.11886458,84.09716824631235,173.21603282631236
369.76718915,89.63745925,84.38049055740966,174.01794980740965
370.2025295,89.8106849,84.32271468086576,174.13339958086576
370.63785917,89.59163347,84.87832489163992,174.46995836163993
371.07317815,89.54866993,84.44989437494007,173.9985643049401
371.50848642,89.24838228,85.02266253683821,174.2710448168382
371.94378395,88.99483513,84.05702866302262,173.05186379302262
372.37907074,88.64719905,83.84437051053526,172.49156956053525
372.81434676,88.2213204,83.56435791391198,171.78567831391197
373.24961199,88.59857482,83.54164792293102,172.14022274293103
373.68486642,88.23471108,82.74688024246024,170.98159132246025
374.12011002,88.64197531,82.21722958458983,170.85920489458982
374.55534277,88.82510146,82.5387480035372,171.36384946353718
374.99056467,88.6246532,83.2466310065177,171.8712842065177
375.42577567,88.29123328,83.28813786398045,171.57937114398044
375.86097578,88.11382274,82.78352034712495,170.89734308712497
376.29616497,88.80118401,83.15129771424051,171.9524817242405
376.73134321,89.01956909,83.24830143097492,172.26787052097492
377.1665105,89.12030149,83.52307171567878,172.64337320567878
377.6016668,88.8023657,82.22714192872341,171.02950762872342
378.03681211,88.98739165,82.87853547290236,171.86592712290235
378.47194641,89.17027986,82.39485502639869,171.56513488639868
378.90706966,88.66242039,81.74439355665022,170.40681394665023
379.34218187,87.90929528,81.95487173576016,169.86416701576016
379.777283,88.57646713,82.45647740332116,171.03294453332114
380.21237303,88.68294597,82.12878323955474,170.81172920955476
380.64745196,88.05721564,81.2572730529858,169.31448869298578
381.08251975,87.86721504,80.55080025038694,168.41801529038696
381.5175764,87.83730935,80.477340152009,168.314649502009
381.95262187,87.31754471,80.77238595892166,168.08993066892168
382.38765616,86.61039708,80.20317160830787,166.81356868830787
382.82267924,86.90362139,80.4346024225878,167.33822381258778
383.25769109,86.19965642,80.44868639422224,166.64834281422225
383.6926917,86.40693466,81.05148860532334,167.45842326532335
384.12768105,86.36838605,80.52896999376959,166.8973560437696
384.56265911,86.21931571,81.55080057281968,167.77011628281969
384.99762586,86.05573926,81.394849129614,167.45058838961398
385.4325813,86.34040136,80.49973313484627,166.84013449484627
385.8675254,86.56844106,81.98998600764702,168.55842706764702
386.30245813,86.38907332,82.24957292156468,168.6386462415647
386.73737949,86.57596803,82.92365243303631,169.4996204630363
387.17228945,86.28940372,83.42728973289434,169.71669345289433
387.60718799,85.87822458,83.53519564767413,169.41342022767412
388.04207509,85.51326848,83.6172949618609,169.1305634418609
388.47695074,85.19950948,82.67469995343484,167.87420943343483
388.91181492,85.24266365,82.5669947922495,167.80965844224949
389.3466676,84.94049292,82.37822210333718,167.31871502333718
389.78150877,84.57786116,82.57600593595562,167.1538670959556
390.21633841,84.42093436,82.73311368651031,167.1540480465103
390.6511565,84.45421382,82.18887497339642,166.64308879339643
391.08596302,84.20756838,81.62485137542691,165.8324197554269
391.52075795,84.41570612,81.48978217223707,165.90548829223707
391.95554127,84.14531905,82.40539115896678,166.5507102089668
392.39031297,84.38141444,82.22940767823577,166.61082211823577
392.82507302,84.64977645,81.61003812362321,166.2598145736232
393.2598214,84.34282534,81.00018598394662,165.34301132394663
393.6945581,84.62393479,81.09476938318963,165.71870417318962
394.1292831,85.56891767,81.87090382510647,167.43982149510646
394.56399638,86.03553581,81.48058082778567,167.51611663778567
394.99869791,86.04263207,81.28997919819918,167.33261126819917
395.43338769,86.30846793,81.27915061627027,167.58761854627028
395.86806568,86.34916176,82.27551198882834,168.62467374882834
396.30273188,86.16167273,82.27009900977454,168.43177173977455
396.73738625,86.23883098,81.83131429792655,168.07014527792654
397.1720288,85.88350056,81.7960520164446,167.67955257644462
397.60665948,85.86534909,82.12874095158824,167.99409004158824
398.04127829,85.58504776,81.01711592264232,166.6021636826423
398.47588521,85.36151177,79.84667174552747,165.20818351552748
398.91048022,84.83918986,79.60992394626241,164.4491138062624
399.34506329,84.36985265,77.76093874560064,162.13079139560062
399.77963441,83.90273931,76.54770020513273,160.45043951513273
400.21419356,82.40664972,74.98579172513737,157.39244144513737
400.64874072,81.24080534,73.16142118049484,154.40222652049482
401.08327588,79.8110495,71.96615262407539,151.7772021240754
401.517799,78.001998,69.74815333568502,147.75015133568502
401.95231008,76.07609159,68.51681071410174,144.59290230410176
402.3868091,73.75482517,66.4605244819931,140.2153496519931
402.82129603,71.59897654,65.09922811055513,136.6982046505551
403.25577086,68.95007064,62.63462083010247,131.58469147010248
403.69023356,66.16024361,59.387593187810765,125.54783679781076
404.12468412,63.08633161,56.19175639114403,119.27808800114403
404.55912252,60.36697785,53.54359116731755,113.91056901731756
404.99354874,57.26985869,50.74269048564299,108.01254917564299
405.42796276,54.19477288,47.182416216684786,101.37718909668479
405.86236457,51.27284048,44.259043618961506,95.53188409896151
406.29675414,48.36776077,41.83500402114755,90.20276479114754
406.73113145,45.7270712,39.62478280860858,85.35185400860857
407.16549648,43.00901005,37.2476227627632,80.2566328127632
407.59984922,40.5613205,34.82765893827375,75.38897943827375
408.03418965,38.37953801,32.86153061005359,71.2410686200536
408.46851774,36.53908505,30.924006374023257,67.46309142402325
408.90283349,34.68460098,28.99348673462758,63.67808771462758
409.33713686,33.01317343,27.063162069230504,60.07633549923051
409.77142784,31.40071642,25.431505410200188,56.83222183020018
410.20570642,29.84881901,24.06207271159459,53.91089172159459
410.63997256,28.59947158,22.88484524046347,51.48431682046347
411.07422626,27.45678182,21.750741118432373,49.207522938432376
411.50846749,26.48728755,20.71759661483935,47.204884164839356
411.94269624,25.61173984,19.837301324410923,45.44904116441092
412.37691248,24.83737047,18.962250564876282,43.79962103487628
412.81111621,24.17876476,18.244330370151996,42.42309513015199
413.24530738,23.60510663,17.541963968185453,41.14707059818545
413.679486,23.11692232,16.88817128154149,40.00509360154149
414.11365204,22.64525934,16.190933787839427,38.83619312783942
414.54780547,22.17611859,15.614381781860365,37.79050037186037
414.98194629,21.79695254,15.114431403361834,36.911383943361834
415.41607447,21.59029141,14.678199518909281,36.26849092890928
415.85018999,21.42826982,14.339036859128312,35.76730667912831
416.28429284,21.26244845,13.970879281895584,35.233327731895585
416.71838299,21.1529405,13.677944699427325,34.83088519942733
417.15246043,21.01104245,13.363948795401884,34.37499124540189
417.58652514,20.9792867,13.111503890801727,34.090790590801724
418.02057709,20.98560778,12.876243633872608,33.86185141387261
418.45461627,20.96083807,12.60478801101149,33.56562608101149
418.88864266,20.97927486,12.356829338524856,33.33610419852486
419.32265625,21.06008143,12.183718327085298,33.2437997570853
419.756657,21.21804434,11.981898005213571,33.19994234521357
420.19064491,21.3474533,11.778635836051885,33.12608913605189
420.62461995,21.5253132,11.611834615004271,33.13714781500427
421.0585821,21.71098112,11.449942450387097,33.1609235703871
421.49253135,21.93902887,11.32446793415125,33.26349680415125
421.92646768,22.14713821,11.240239718876397,33.3873779288764
422.36039106,22.41002175,11.11857120998326,33.52859295998326
422.79430148,22.67623781,11.055051240744742,33.73128905074474
423.22819892,22.94573554,10.999856914567244,33.94559245456725
423.66208336,23.24358626,10.918926513407293,34.16251277340729
424.09595478,23.56914681,10.8423684469668,34.4115152569668
424.52981316,23.89168985,10.769447455614825,34.66113730561482
424.96365849,24.22673831,10.714160921392102,34.9408992313921
425.39749074,24.55462054,10.6479859234424,35.2026064634424
425.83130989,24.89671057,10.597086925360177,35.49379749536018
426.26511593,25.23358402,10.532272362533014,35.765856382533016
426.69890883,25.56787493,10.495931897008361,36.063806827008364
427.13268858,25.91416553,10.486891015613017,36.40105654561302
427.56645516,26.27553073,10.504282884031245,36.77981361403124
428.00020855,26.6866797,10.514403151772747,37.201082851772746
428.43394873,27.08771448,10.504641005415348,37.59235548541535
428.86767568,27.48730907,10.470103691582962,37.95741276158296
429.30138939,27.88251196,10.42017550810542,38.30268746810542
429.73508982,28.29370053,10.347409313447848,38.64110984344785
430.16877697,28.67622627,10.293147426854649,38.969373696854646
430.60245081,29.0780684,10.242793938576458,39.32086233857646
431.03611133,29.49604206,10.188287453595478,39.68432951359548
431.46975851,29.92485096,10.1406565851614,40.0655075451614
431.90339232,30.35295829,10.122621313494324,40.475579603494324
432.33701276,30.76858854,10.08194739663846,40.85053593663846
432.77061979,31.20633752,10.067029548943493,41.27336706894349
433.2042134,31.59074599,10.054636928456675,41.645382918456676
433.63779357,32.0218367,10.048159401017003,42.069996101017004
434.07136029,32.44436429,10.04206874121264,42.48643303121264
434.50491352,32.84907782,10.025707006555534,42.87478482655553
434.93845327,33.2338042,10.00213582540403,43.235940025404034
435.37197949,33.64426642,9.97044598031539,43.61471240031539
435.80549219,34.03663435,9.965993730056526,44.002628080056525
436.23899132,34.43363903,9.964206126115341,44.397845156115345
436.67247689,34.80506621,9.938623600459907,44.743689810459905
437.10594887,35.19442852,9.943435466322832,45.137863986322834
437.53940723,35.54056886,9.923297541291666,45.46386640129167
437.97285197,35.88755107,9.911566375858223,45.79911744585822
438.40628306,36.23314689,9.926735538548012,46.159882428548016
438.83970048,36.58718158,9.942566395149596,46.5297479751496
439.27310421,36.94478684,9.95225098029713,46.89703782029713
439.70649424,37.27125872,9.935683110229611,47.20694183022961
440.13987054,37.630475,9.953259795721413,47.58373479572141
440.5732331,37.97221222,9.939755108507468,47.91196732850747
441.00658189,38.32759579,9.913849842185453,48.241445632185446
441.4399169,38.6457909,9.899838148553048,48.54562904855305
441.87323811,38.9477823,9.871485683703357,48.819267983703355
442.30654551,39.23582172,9.838557721863971,49.07437944186397
442.73983906,39.50954083,9.794367131429691,49.30390796142969
443.17311875,39.77753059,9.793496174009816,49.571026764009815
443.60638457,40.05942001,9.776286516364985,49.83570652636498
444.03963649,40.34221334,9.780198952000388,50.12241229200039
444.47287449,40.62495608,9.794151731534821,50.419107811534815
444.90609856,40.86629106,9.814985140888309,50.68127620088831
445.33930868,41.12220608,9.814719797113408,50.93692587711341
445.77250482,41.38445079,9.852251706023479,51.23670249602348
446.20568697,41.62666316,9.870789278364992,51.49745243836499
446.63885511,41.85714438,9.866362804362893,51.723507184362894
447.07200922,42.07170853,9.891383388571944,51.96309191857195
447.50514928,42.27290971,9.914049878338538,52.18695958833854
447.93827527,42.45370406,9.938199879562399,52.3919039395624
448.37138718,42.66592104,9.959581589132426,52.62550262913243
448.80448497,42.86645264,9.978975225237106,52.845427865237106
449.23756865,43.04515878,9.98972816787257,53.03488694787257
449.67063818,43.24477691,10.00608770838608,53.250864618386075
450.10369354,43.45019282,10.035801694042293,53.48599451404229
450.53673472,43.62639952,10.067861391492857,53.694260911492854
450.9697617,43.82196046,10.10619957016499,53.92816003016499
451.40277446,44.0014718,10.15359823430899,54.15507003430899
451.83577298,44.18318064,10.178943720727839,54.36212436072784
452.26875725,44.3715877,10.226765316409091,54.59835301640909
452.70172723,44.51861419,10.25752772501258,54.77614191501258
453.13468291,44.69047384,10.31353563766184,55.00400947766184
453.56762428,44.84896616,10.337097635902083,55.186063795902086
454.00055132,44.99981346,10.36606539296738,55.36587885296738
454.433464,45.11879134,10.402671495755433,55.521462835755436
454.8663623,45.26119451,10.418556359133216,55.679750869133215
455.29924622,45.4005412,10.465811985296202,55.866353185296205
455.73211572,45.54197804,10.508671043562998,56.050649083562995
456.16497079,45.667803,10.569980121835709,56.237783121835704
456.59781142,45.80021257,10.611428394432593,56.41164096443259
457.03063757,45.93938558,10.68689803821743,56.62628361821743
457.46344923,46.07312282,10.745318766660363,56.81844158666036
457.89624639,46.15642833,10.806735089589905,56.963163419589904
458.32902903,46.25154262,10.87096145596686,57.12250407596686
458.76179711,46.35340224,10.941028545770218,57.29443078577022
459.19455064,46.43774909,10.996367432704849,57.43411652270485
459.62728958,46.52292603,11.044198879637676,57.56712490963768
460.06001392,46.62454411,11.102598840521948,57.72714295052195
460.49272363,46.71360802,11.159667348940468,57.87327536894047
460.92541871,46.79763315,11.217787038646296,58.0154201886463
461.35809913,46.91157472,11.286642332432317,58.19821705243231
461.79076486,46.96950246,11.342230048604925,58.311732508604926
462.22341591,47.01077384,11.389224913457682,58.39999875345768
462.65605223,47.06121676,11.459613656950149,58.52083041695015
463.08867382,47.08865853,11.536417546355583,58.62507607635558
463.52128065,47.11768951,11.617943288198726,58.73563279819872
463.95387271,47.16164384,11.700086758041532,58.86173059804153
464.38644998,47.15240513,11.771177709261995,58.923582839262
464.81901243,47.17996579,11.8466792411119,59.0266450311119
465.25156005,47.17696417,11.94241216020146,59.11937633020146
465.68409283,47.15895201,12.011514923108457,59.17046693310846
466.11661073,47.16622568,12.095569380600013,59.26179506060001
466.54911374,47.16935911,12.181173571414726,59.35053268141473
466.98160185,47.14324182,12.272248437387308,59.415490257387304
467.41407503,47.10412461,12.34711052497307,59.45123513497307
467.84653327,47.06992496,12.400145570410723,59.47007053041072
468.27897654,47.00621572,12.457446951980788,59.463662671980785
468.71140483,46.95324608,12.517785379582678,59.471031459582676
469.14381811,46.88915481,12.58784712465805,59.47700193465805
469.57621637,46.8564525,12.654634511352462,59.511087011352465
470.0085996,46.78211173,12.726580473035202,59.508692203035196
470.44096776,46.69193013,12.776126417486708,59.46805654748671
470.87332084,46.5848262,12.84288897462661,59.42771517462661
471.30565882,46.48684123,12.913903065274072,59.40074429527407
471.73798169,46.36996498,12.983286935082006,59.353251915082005
472.17028942,46.22830711,13.051745050756342,59.28005216075634
472.602582,46.0850382,13.12082497776446,59.205863177764456
473.0348594,45.93557781,13.187039935064744,59.122617745064744
473.4671216,45.74527042,13.249342699647253,58.99461311964725
473.8993686,45.54953655,13.29671454616991,58.84625109616991
474.33160036,45.35419848,13.335229344500517,58.68942782450052
474.76381687,45.13481234,13.385973475509562,58.52078581550957
475.19601811,44.92918416,13.452705966340021,58.38189012634002
475.62820407,44.71731944,13.52680369943271,58.24412313943271
476.06037471,44.50225586,13.59008255347585,58.09233841347585
476.49253003,44.26699443,13.637299663569323,57.90429409356932
476.92467,44.03430833,13.678364428873925,57.71267275887393
477.35679461,43.77527948,13.720017483207286,57.49529696320729
477.78890383,43.55040945,13.778238872173311,57.32864832217331
478.22099765,43.28296507,13.82449493602669,57.10746000602669
478.65307605,43.02142611,13.86960468054498,56.89103079054498
479.085139,42.75673336,13.923175071494322,56.67990843149432
479.5171865,42.48810761,13.989245854880389,56.47735346488039
479.94921851,42.20528211,14.045615515746675,56.250897625746674
480.38123503,41.95529018,14.115988888017078,56.07127906801708
480.81323602,41.71786019,14.195763170117175,55.91362336011718
481.24522149,41.47894307,14.290715735957736,55.76965880595773
481.67719139,41.24018847,14.376470504535751,55.61665897453575
482.10914572,40.97782165,14.439756655722007,55.41757830572201
482.54108446,40.71016578,14.493125958872415,55.20329173887241
482.97300758,40.41883925,14.528456698199541,54.94729594819954
483.40491507,40.14709463,14.574853598741404,54.721948228741404
483.83680691,39.85942821,14.59448401478081,54.45391222478081
484.26868308,39.58069024,14.616367396624135,54.19705763662414
484.70054356,39.28125766,14.620951948393117,53.90220960839312
485.13238833,39.00811373,14.646381594084984,53.654495324084984
485.56421738,38.75274983,14.675889165768382,53.42863899576838
485.99603067,38.50379969,14.704068127652993,53.207867817652996
486.4278282,38.24948808,14.741494667060582,52.990982747060585
486.85960995,38.02260325,14.795173083952887,52.81777633395289
487.29137589,37.80229153,14.855058901514266,52.65735043151426
487.72312601,37.6105281,14.921933234294258,52.53246133429426
488.15486029,37.41900703,14.968887170856195,52.387894200856195
488.5865787,37.24285723,15.01723899574153,52.26009622574153
489.01828124,37.08937533,15.078037545415002,52.167412875415
489.44996788,36.94401558,15.127948564695574,52.07196414469557
489.8816386,36.82412908,15.189918386795554,52.01404746679555
490.31329338,36.7139126,15.258200798190025,51.972113398190025
490.7449322,36.63714154,15.32444956515766,51.961591105157666
491.17655505,36.56300067,15.385539113923514,51.948539783923515
491.6081619,36.52332042,15.46826358308365,51.991584003083645
492.03975274,36.49890266,15.55941108788373,52.05831374788373
492.47132755,36.50119709,15.646728356225337,52.14792544622534
492.90288631,36.52306644,15.741491407322519,52.26455784732252
493.33442899,36.56056196,15.846887464504162,52.407449424504165
493.76595559,36.60531867,15.981812716723102,52.5871313867231
494.19746607,36.65423504,16.13753735074365,52.79177239074365
494.62896043,36.74100965,16.302754356532944,53.043764006532946
495.06043864,36.83437187,16.481893669997014,53.31626553999701
495.49190069,36.94992595,16.689304932788094,53.6392308827881
495.92334655,37.08227305,16.920770306964275,54.00304335696427
496.3547762,37.23064974,17.158411598967106,54.3890613389671
496.78618963,37.38624185,17.379978102266243,54.76621995226624
497.21758682,37.57141226,17.631648502809828,55.20306076280983
497.64896774,37.76110921,17.862708565516026,55.62381777551603
498.08033239,37.98311223,18.09435185627942,56.07746408627942
498.51168074,38.18981696,18.302009008027177,56.49182596802718
498.94301276,38.39919554,18.496272797934992,56.89546833793499
499.37432845,38.62441727,18.711013043912118,57.33543031391212
499.80562778,38.87000662,18.916105022639403,57.7861116426394
500.23691074,39.12274449,19.13385431317288,58.25659880317288
500.6681773,39.37536615,19.348051166678378,58.72341731667838
501.09942745,39.61956105,19.57387788459831,59.19343893459831
501.53066116,39.86924347,19.829709339398594,59.69895280939859
501.96187842,40.11358545,20.090083807062783,60.203669257062785
502.39307921,40.33951266,20.355574000392636,60.69508666039263
502.82426351,40.56181309,20.628766650821316,61.19057974082132
503.2554313,40.77992225,20.915261852633567,61.69518410263356
503.68658256,40.96630157,21.179651140486417,62.14595271048641
504.11771727,41.14777942,21.46022651564714,62.60800593564714
504.54883542,41.31522195,21.746888821385582,63.06211077138558
504.97993698,41.4630034,22.005589805245144,63.46859320524514
505.41102193,41.58940765,22.25041571485678,63.83982336485678
505.84209026,41.70394856,22.512568358504424,64.21651691850442
506.27314195,41.80948686,22.75066145740091,64.56014831740092
506.70417698,41.90236694,22.982985959219004,64.885352899219
507.13519532,41.97428758,23.191166292612234,65.16545387261223
507.56619696,42.04511069,23.384835008955292,65.4299456989553
507.99718189,42.07310246,23.568385784019416,65.64148824401941
508.42815007,42.09070389,23.761156750329537,65.85186064032953
508.8591015,42.09861072,23.95399194740673,66.05260266740673
509.29003615,42.08669157,24.142778644466038,66.22947021446603
509.72095401,42.0580605,24.348981715933647,66.40704221593364
510.15185505,42.0231155,24.583502165228122,66.60661766522813
510.58273926,41.97159849,24.81443315904661,66.7860316490466
511.01360661,41.9064798,25.066902205809647,66.97338200580964
511.44445709,41.8205459,25.35072332265683,67.17126922265683
511.87529069,41.73071552,25.631986273694043,67.36270179369404
512.30610737,41.62892835,25.938280329521348,67.56720867952134
512.73690712,41.51624937,26.20568332764524,67.72193269764523
513.16768992,41.39167531,26.48532557661354,67.87700088661353
513.59845576,41.25905686,26.719528373774228,67.97858523377423
514.02920461,41.12588975,26.94458591864604,68.07047566864604
514.45993645,40.97572086,27.13424340638084,68.10996426638084
514.89065127,40.8394331,27.30358065414718,68.14301375414718
515.32134905,40.69372347,27.43685882589297,68.13058229589296
515.75202976,40.54415744,27.55577613976069,68.09993357976069
516.18269339,40.38855655,27.649325655395483,68.03788220539548
516.61333992,40.21373486,27.7396961019146,67.9534309619146
517.04396933,40.05506097,27.848701448100464,67.90376241810046
517.4745816,39.89585332,27.950573367033748,67.84642668703376
517.90517671,39.73118212,28.07132328486002,67.80250540486003
518.33575465,39.5658695,28.200960081804535,67.76682958180453
518.76631539,39.40924166,28.35137364108434,67.76061530108434
519.19685891,39.25609666,28.502006932427857,67.75810359242786
519.6273852,39.08653873,28.654237171638144,67.74077590163814
520.05789424,38.92530437,28.803647689668217,67.72895205966822
520.488386,38.77270588,28.962778740443152,67.73548462044315
520.91886048,38.62389609,29.112796886857478,67.73669297685748
521.34931764,38.48617561,29.26193310495232,67.74810871495231
521.77975747,38.35555997,29.392046919706793,67.74760688970679
522.21017995,38.23470044,29.50436975203972,67.73907019203972
522.64058507,38.11716646,29.6244985777558,67.74166503775581
523.07097279,38.01772521,29.730410568925343,67.74813577892535
523.50134312,37.91776837,29.819911721841365,67.73768009184136
523.93169601,37.82144301,29.91122102552119,67.7326640355212
524.36203147,37.73624455,30.01144915584424,67.74769370584424
524.79234945,37.67533196,30.106920190508962,67.78225215050897
525.22264996,37.63440189,30.22448375714328,67.85888564714328
525.65293297,37.60919218,30.3515922640853,67.9607844440853
526.08319845,37.58963831,30.505832941396566,68.09547125139656
526.5134464,37.58810923,30.657824324312074,68.24593355431207
526.94367678,37.61154519,30.841295679815907,68.4528408698159
527.37388959,37.65738742,31.051497569629134,68.70888498962913
527.8040848,37.73724293,31.310097711638996,69.047340641639
528.2342624,37.81448249,31.571177932288695,69.3856604222887
528.66442236,37.9252817,31.877780995910726,69.80306269591073
529.09456467,38.04948763,32.180384630457226,70.22987226045723
529.5246893,38.19875876,32.5337222328375,70.7324809928375
529.95479624,38.37327646,32.89696066246044,71.27023712246043
530.38488547,38.55868443,33.25558190722225,71.81426633722225
530.81495697,38.74887489,33.6270714213305,72.3759463113305
531.24501072,38.96137496,33.96846324790673,72.92983820790673
531.67504671,39.19118195,34.32837153333271,73.51955348333271
532.1050649,39.44365114,34.665772626002436,74.10942376600244
532.53506529,39.71200196,34.985624614373755,74.69762657437376
532.96504785,40.01500887,35.30023899610765,75.31524786610765
533.39501257,40.34947591,35.586173436820125,75.93564934682013
533.82495942,40.69701541,35.85260625123255,76.54962166123255
534.25488839,41.07279622,36.10504729681926,77.17784351681925
534.68479946,41.49254884,36.38539688395234,77.87794572395234
535.11469261,41.93451392,36.68361601806549,78.6181299380655
535.54456782,42.38885204,36.99831341259908,79.38716545259908
535.97442507,42.86189788,37.31066835351214,80.17256623351214
536.40426434,43.3482027,37.64316974574711,80.99137244574712
536.83408561,43.83996868,38.005065070168826,81.84503375016882
537.26388887,44.33633502,38.389958988135064,82.72629400813506
537.69367409,44.84860148,38.793528767211185,83.64213024721118
538.12344125,45.35400601,39.22066661039091,84.57467262039091
538.55319035,45.85240356,39.63572417077691,85.48812773077691
538.98292135,46.36305123,40.04174654336816,86.40479777336816
539.41263423,46.87801789,40.4454285692564,87.3234464592564
539.84232899,47.40065708,40.82869246592995,88.22934954592995
540.2720056,47.93214179,41.1961070530748,89.1282488430748
540.70166404,48.47102064,41.53468548912175,90.00570612912175
541.13130429,48.99995529,41.83729643898942,90.83725172898943
541.56092633,49.56374495,42.13053140979602,91.69427635979602
541.99053015,50.12140343,42.402339569946626,92.52374299994662
542.42011572,50.69920151,42.685234785113856,93.38443629511386
542.84968303,51.27490365,42.94865791140662,94.22356156140663
543.27923205,51.85230148,43.19735059825493,95.04965207825492
543.70876277,52.45477295,43.46201534605859,95.9167882960586
544.13827517,53.04769568,43.72938437349452,96.77708005349452
544.56776923,53.63928246,44.026244138159015,97.665526598159
544.99724493,54.22723965,44.32261303829246,98.54985268829246
545.42670225,54.82098234,44.63883865319597,99.45982099319596
545.85614117,55.41111874,44.965231146295004,100.376349886295
546.28556168,55.99778115,45.32442291229615,101.32220406229615
546.71496375,56.57765287,45.72245973247574,102.30011260247574
547.14434736,57.18054977,46.12178404685242,103.30233381685241
547.5737125,57.78333282,46.54683499380506,104.33016781380505
548.00305915,58.38550592,46.97101048145861,105.3565164014586
548.43238728,59.01438025,47.39048494807242,106.40486519807243
548.86169688,59.64306794,47.82038792035477,107.46345586035477
549.29098794,60.29471835,48.238606425685695,108.53332477568568
549.72026042,60.95374646,48.639212254607344,109.59295871460733
550.14951431,61.6241312,48.99406331076164,110.61819451076164
550.5787496,62.30788406,49.32576344356374,111.63364750356374
551.00796626,63.01602009,49.61768135585628,112.63370144585627
551.43716427,63.72859651,49.86342540922273,113.59202191922273
551.86634362,64.46806645,50.09328736039139,114.56135381039138
552.29550429,65.19584987,50.304741564624244,115.50059143462425
552.72464625,65.91338135,50.49403701110755,116.40741836110755
553.15376949,66.6394296,50.709094654419474,117.34852425441947
553.58287399,67.35513467,50.92036149307321,118.2754961630732
554.01195973,68.04657582,51.11964327567275,119.16621909567274
554.44102669,68.75010908,51.34152949011634,120.09163857011634
554.87007485,69.42678219,51.570319484676176,120.99710167467617
555.29910419,70.09118603,51.79648767797934,121.88767370797935
555.7281147,70.73683671,52.043949422078256,122.78078613207826
556.15710635,71.38252887,52.28291142056286,123.66544029056286
556.58607912,72.01953895,52.51620313650733,124.53574208650733
557.015033,72.6383897,52.75952601203098,125.397915712031
557.44396797,73.27215808,52.98428741775408,126.25644549775407
557.87288401,73.91490981,53.22715876042351,127.1420685704235
558.3017811,74.54933039,53.45320836073836,128.00253875073835
558.73065921,75.16952066,53.63632274149627,128.80584340149628
559.15951834,75.79612661,53.82175185294213,129.61787846294214
559.58835846,76.41045486,53.98945356910925,130.39990842910925
560.01717955,77.01329412,54.12778423033274,131.14107835033275
560.4459816,77.58965786,54.255636824103405,131.8452946841034
560.87476458,78.16041154,54.38399573525903,132.54440727525903
561.30352847,78.70377118,54.50196076176251,133.2057319417625
561.73227326,79.21882359,54.60433722739784,133.82316081739785
562.16099893,79.70655973,54.70321917227039,134.40977890227038
562.58970546,80.15870832,54.800098177943994,134.958806497944
563.01839282,80.58753571,54.91732661248884,135.50486232248883
563.44706101,81.00080169,55.06326624331828,136.06406793331828
563.87571,81.41177672,55.227742229465385,136.63951894946538
564.30433977,81.79030184,55.42106309157804,137.21136493157803
564.7329503,82.16465406,55.633214356547356,137.79786841654737
565.16154157,82.52574626,55.872711771434076,138.39845803143407
565.59011358,82.91250731,56.1354753548252,139.0479826648252
566.01866628,83.3231511,56.41752166560214,139.74067276560214
566.44719967,83.71937959,56.68918437530491,140.40856396530492
566.87571373,84.13274316,56.98357022151046,141.11631338151045
567.30420844,84.55805496,57.28589778590635,141.84395274590636
567.73268378,84.98604712,57.57651595977757,142.56256307977756
568.16113973,85.40716154,57.88832422787411,143.2954857678741
568.58957627,85.83847879,58.216454751389406,144.0549335413894
569.01799338,86.26448677,58.52755361725385,144.79204038725385
569.44639105,86.68429748,58.84989546621261,145.5341929462126
569.87476924,87.09334348,59.19673861739283,146.29008209739283
570.30312796,87.49449921,59.54592821687335,147.04042742687335
570.73146717,87.89310131,59.909469572796226,147.80257088279623
571.15978685,88.25419507,60.25700592179222,148.5112009917922
571.588087,88.6086355,60.60605565777942,149.21469115777944
572.01636758,88.96953771,60.983357502756434,149.95289521275643
572.44462858,89.31261997,61.33737790694673,150.6499978769467
572.87286998,89.6475701,61.67561799724497,151.32318809724495
573.30109177,89.99128502,62.03021526237719,152.0215002823772
573.72929391,90.32608,62.356873407535325,152.68295340753534
574.1574764,90.6412642,62.63852880589274,153.27979300589274
574.58563922,90.96003284,62.89680201201531,153.8568348520153
575.01378234,91.25734276,63.12516457869111,154.3825073386911
575.44190574,91.56384145,63.32513957112047,154.88898102112046
575.87000941,91.88347894,63.511357537302544,155.39483647730253
576.29809333,92.19443904,63.691018733752905,155.8854577737529
576.72615748,92.50928161,63.84645719009317,156.35573880009318
577.15420184,92.8084756,63.97594932967243,156.7844249296724
577.58222639,93.10868928,64.09796033849169,157.20664961849167
578.01023111,93.39765701,64.24207092496363,157.63972793496362
578.43821598,93.68265823,64.38289407925215,158.06555230925215
578.86618099,93.93207506,64.530377777917,158.462452837917
579.29412611,94.15535871,64.68313521145296,158.83849392145297
579.72205133,94.38095831,64.86538789316816,159.24634620316817
580.14995662,94.57639802,65.04319909273805,159.61959711273806
580.57784197,94.75858891,65.26363180541533,160.02222071541533
581.00570736,94.91672669,65.47537764036079,160.39210433036078
581.43355276,95.08819898,65.68831215183302,160.77651113183302
581.86137817,95.21921841,65.86784921555963,161.08706762555963
582.28918356,95.34910902,66.04377592554658,161.3928849455466
582.7169689,95.46691964,66.20550367365355,161.67242331365355
583.1447342,95.57950481,66.33492213561082,161.91442694561084
583.57247941,95.69783506,66.45579539773735,162.15363045773734
584.00020453,95.77680096,66.55182716861776,162.32862812861777
584.42790954,95.86385293,66.63695285225174,162.50080578225175
584.85559441,95.96281985,66.71904981932926,162.68186966932927
585.28325913,96.03829331,66.80388059161749,162.84217390161749
585.71090368,96.12173975,66.9075153388109,163.02925508881088
586.13852803,96.21252774,67.03848236688276,163.25101010688275
586.56613218,96.27548101,67.15507522111662,163.4305562311166
586.9937161,96.35515853,67.3061301013561,163.66128863135611
587.42127977,96.42687922,67.49370565825261,163.9205848782526
587.84882317,96.50875713,67.70482697538094,164.21358410538096
588.27634629,96.58847493,67.94955825009558,164.53803318009557
588.7038491,96.67382725,68.21315878430453,164.88698603430453
589.13133159,96.7300764,68.49657611947539,165.2266525194754
589.55879373,96.78503604,68.78975179759045,165.57478783759046
589.98623551,96.83678734,69.09101230868198,165.92779964868197
590.41365691,96.88083354,69.42944541852764,166.31027895852765
590.84105791,96.90542305,69.77501582741307,166.68043887741305
591.26843849,96.93527462,70.10644818567677,167.04172280567678
591.69579863,96.94961587,70.45567248977363,167.40528835977364
592.12313831,96.98587031,70.81677491159643,167.80264522159644
592.55045752,97.01495913,71.18839732984203,168.20335645984204
592.97775623,97.03782462,71.56059138390849,168.59841600390848
593.40503442,97.07541948,71.96208089468959,169.03750037468959
593.83229208,97.10608345,72.34901927063957,169.45510272063956
594.25952919,97.14297781,72.75358178055201,169.89655959055202
594.68674573,97.16710037,73.10977795421405,170.27687832421407
595.11394167,97.21741973,73.47716030960814,170.69458003960813
595.541117,97.25705895,73.81907724785219,171.07613619785218
595.96827171,97.30565458,74.14229470068491,171.4479492806849
596.39540576,97.36655135,74.43535089932831,171.8019022493283
596.82251915,97.40669981,74.683143893352,172.08984370335202
597.24961185,97.47136046,74.90457466192856,172.37593512192856
597.67668385,97.53573127,75.0979799695879,172.6337112395879
598.10373512,97.59657985,75.23904880718827,172.83562865718827
598.53076564,97.65717727,75.35742277728687,173.01460004728688
598.95777541,97.71502064,75.45490658582762,173.16992722582762
599.38476439,97.76323089,75.50776778042649,173.27099867042648
599.81173257,97.82926797,75.57902890517111,173.40829687517112
600.23867993,97.8678156,75.64097649844854,173.50879209844854
600.66560645,97.91710371,75.71318777054624,173.63029148054625
601.09251211,97.93202891,75.78875404041979,173.7207829504198
601.5193969,97.95012227,75.89840806555951,173.8485303355595
601.94626078,97.95588037,76.00558362055772,173.96146399055772
602.37310376,97.96836972,76.1471498193839,174.1155195393839
602.7999258,97.98684561,76.30104051761833,174.28788612761832
603.22672688,97.99230255,76.47380582767389,174.4661083776739
603.65350699,97.9866831,76.64068653120053,174.6273696312005
604.08026611,97.9750705,76.811747073442,174.78681757344202
604.50700422,97.96187145,76.95328408215424,174.91515553215424
604.9337213,97.95340566,77.09691979003256,175.05032545003257
605.36041733,97.91870721,77.20006148586765,175.11876869586763
605.78709229,97.88717844,77.27605873189184,175.16323717189184
606.21374616,97.86064755,77.32271124886759,175.18335879886757
606.64037893,97.81509334,77.29300108283483,175.10809442283482
607.06699057,97.7704443,77.23812526855215,175.00856956855216
607.49358107,97.70699683,77.17825739142104,174.88525422142104
607.9201504,97.66721855,77.12115734571432,174.78837589571432
608.34669856,97.60264561,77.06207063378642,174.66471624378642
608.77322551,97.54962852,77.01790726452523,174.56753578452523
609.19973124,97.46216041,76.9848832218055,174.4470436318055
609.62621572,97.36495934,76.95408043753659,174.3190397775366
610.05267896,97.26553156,76.96870415080811,174.2342357108081
610.47912091,97.16279032,77.00576274368828,174.16855306368828
610.90554156,97.04098198,77.06656488794204,174.10754686794203
611.3319409,96.9090688,77.17604108257291,174.0851098825729
611.75831891,96.78342936,77.295438979139,174.078868339139
612.18467556,96.63847789,77.435204578934,174.073682468934
612.61101083,96.49078151,77.60444214658118,174.0952236565812
613.03732472,96.32984885,77.78115794214088,174.11100679214087
613.46361719,96.18015543,77.96399940132305,174.14415483132305
613.88988823,96.00296358,78.13357495286743,174.13653853286743
614.31613782,95.8390447,78.29336727464843,174.13241197464845
614.74236595,95.66791767,78.45353496742487,174.12145263742485
615.16857258,95.50025387,78.61625546466571,174.1165093346657
615.59475771,95.31133497,78.77369607689414,174.08503104689413
616.02092131,95.12706124,78.91998562795013,174.04704686795014
616.44706337,94.94360418,79.06733127396235,174.01093545396236
616.87318386,94.77030075,79.2156214867853,173.9859222367853
617.29928278,94.58904741,79.37880339286177,173.9678508028618
617.72536008,94.4071659,79.56487736307952,173.9720432630795
618.15141577,94.22492393,79.73283320334355,173.95775713334353
618.57744982,94.04057033,79.92361202144498,173.96418235144498
619.0034622,93.86394396,80.13235763351395,173.99630159351395
619.42945291,93.6673825,80.34102326086119,174.0084057608612
619.85542192,93.48813206,80.56808951426886,174.05622157426887
620.28136922,93.32915725,80.80150351792938,174.13066076792938
620.70729478,93.15396581,81.00343262560436,174.15739843560436
621.13319858,92.95701625,81.18625670501977,174.14327295501977
621.55908061,92.7739145,81.35071254398339,174.1246270439834
621.98494085,92.59183037,81.46617451245599,174.05800488245598
622.41077927,92.41737621,81.57192545519153,173.98930166519153
622.83659587,92.24146935,81.64456980932712,173.88603915932714
623.26239061,92.06298825,81.65049670815318,173.71348495815317
623.68816348,91.86776502,81.65290988512511,173.5206749051251
624.11391447,91.68663097,81.62540442983172,173.3120353998317
624.53964355,91.49391479,81.55801513169105,173.05192992169106
624.9653507,91.28293012,81.5006255539084,172.7835556739084
625.39103591,91.08154048,81.42157794562232,172.50311842562232
625.81669915,90.8758468,81.32753059363172,172.20337739363174
626.24234041,90.64742049,81.22245543406571,171.8698759240657
626.66795966,90.39947797,81.14254319633486,171.54202116633485
627.09355689,90.15899829,81.08991844060073,171.24891673060074
627.51913209,89.91356429,81.0273021744894,170.9408664644894
627.94468522,89.63096899,80.94586201169601,170.576831001696
628.37021627,89.32894499,80.8794633986273,170.20840838862728
628.79572523,89.03417972,80.79944123848801,169.833620958488
629.22121207,88.70228308,80.6972559224996,169.39953900249958
629.64667677,88.35690015,80.58319813226836,168.94009828226837
630.07211931,87.99138803,80.47037569029858,168.46176372029856
630.49753969,87.60768317,80.29969346539869,167.9073766353987
630.92293786,87.21545022,80.11958184945675,167.33503206945676
631.34831383,86.78921762,79.92278631362238,166.71200393362238
631.77366756,86.35713585,79.69384655257866,166.05098240257865
632.19899905,85.90671215,79.46263185426311,165.3693440042631
632.62430826,85.43430363,79.19444283896509,164.6287464689651
633.04959519,84.93540954,78.93167644280193,163.86708598280194
633.4748598,84.40113812,78.65407677008737,163.05521489008737
633.90010209,83.86829933,78.37544480963558,162.24374413963557
634.32532203,83.30868597,78.11632353227323,161.4250095022732
634.75051961,82.72415505,77.88552066778207,160.60967571778207
635.17569481,82.11985689,77.68178794292011,159.8016448329201
635.6008476,81.50793133,77.50268825412132,159.01061958412134
636.02597797,80.86886969,77.36450279311411,158.23337248311412
636.45108589,80.21591353,77.29374376954198,157.50965729954197
636.87617136,79.54316442,77.21785596699362,156.7610203869936
637.30123435,78.83935276,77.17533254722976,156.01468530722974
637.72627483,78.12321198,77.17344366576013,155.29665564576013
638.15129281,77.40311116,77.17039313587104,154.57350429587103
638.57628824,76.64410513,77.18569715551997,153.82980228551997
639.00126112,75.86649427,77.224199258314,153.090693528314
639.42621142,75.07814884,77.26539137356937,152.34354021356938
639.85113913,74.27464714,77.2913996224142,151.5660467624142
640.27604422,73.45116484,77.29184080833137,150.74300564833138
640.70092669,72.59017795,77.31605836440211,149.90623631440212
641.1257865,71.73202697,77.33772708060991,149.0697540506099
641.55062364,70.86341613,77.35005321213417,148.21346934213418
641.97543809,69.9819428,77.38213147596707,147.36407427596708
642.40022983,69.08619854,77.43938442226201,146.525582962262
642.82499885,68.17721201,77.50160306481403,145.67881507481405
643.24974512,67.25887319,77.55608759325723,144.81496078325722
643.67446862,66.35146591,77.65757179434398,144.009037704344
644.09916934,65.42673532,77.77198068777875,143.19871600777876
644.52384726,64.51734097,77.91461860840441,142.43195957840442
644.94850235,63.59847754,78.07218588754543,141.67066342754543
645.3731346,62.6894077,78.22137976069571,140.9107874606957
645.79774399,61.79360716,78.41874317717728,140.21235033717727
646.2223305,60.91650554,78.62894570936847,139.54545124936845
646.64689411,60.05769757,78.8458397094692,138.90353727946922
647.0714348,59.21310141,79.07789318824152,138.29099459824153
647.49595255,58.38513646,79.29401869924173,137.67915515924173
647.92044735,57.59175333,79.50157087532062,137.09332420532064
648.34491917,56.81219549,79.70834471568604,136.52054020568605
648.769368,56.05428586,79.8688252105493,135.9231110705493
649.19379381,55.32694755,80.01765819657953,135.34460574657953
649.61819659,54.6185357,80.11768295750703,134.73621865750704
650.04257632,53.94119608,80.20130809370723,134.1425041737072
650.46693298,53.30920462,80.26037794373028,133.56958256373028
650.89126655,52.70525154,80.28406164718652,132.98931318718653
651.31557701,52.13165097,80.29364424417486,132.42529521417487
651.73986434,51.5891512,80.26697302158645,131.85612422158647
652.16412852,51.07716295,80.19351062314988,131.27067357314988
652.58836954,50.5945313,80.10884227973331,130.7033735797333
653.01258737,50.1383967,80.02069542559495,130.15909212559495
653.436782,49.72285744,79.93104005061282,129.65389749061282
653.8609534,49.3432518,79.83407638892285,129.17732818892284
654.28510156,48.99985722,79.7526851531962,128.7525423731962
654.70922646,48.67753682,79.6698087177225,128.3473455377225
655.13332808,48.38970887,79.57258363584688,127.96229250584688
655.5574064,48.13306927,79.47976470163162,127.61283397163163
655.9814614,47.91402272,79.407484097711,127.321506817711
656.40549307,47.73260681,79.32489944286945,127.05750625286944
656.82950137,47.5798067,79.2372805831153,126.81708728311528
657.2534863,47.46270105,79.16811368237823,126.63081473237824
657.67744784,47.37367309,79.0831387216425,126.4568118116425
658.10138596,47.32919838,79.0075823013502,126.3367806813502
658.52530064,47.31244019,78.96011083050644,126.27255102050643
658.94919188,47.33025304,78.9024790125198,126.23273205251981
659.37305964,47.37495259,78.83651494531891,126.21146753531892
659.79690391,47.44630824,78.76884224819108,126.21515048819109
660.22072468,47.56626089,78.70453305174397,126.27079394174396
660.64452191,47.70657449,78.64401584861893,126.35059033861893
661.0682956,47.87771794,78.59138065542182,126.46909859542181
661.49204572,48.07798202,78.53058852873772,126.60857054873773
661.91577225,48.30744556,78.48283411321805,126.79027967321804
662.33947518,48.55900995,78.46037770540362,127.01938765540362
662.76315449,48.83743796,78.43597537857445,127.27341333857446
663.18681015,49.13017378,78.43739616969012,127.56756994969012
663.61044215,49.44138944,78.44759933438989,127.8889887743899
664.03405047,49.76772489,78.47238027101017,128.24010516101015
664.45763509,50.10612911,78.50279414378628,128.60892325378626
664.88119598,50.47360023,78.55162546717993,129.02522569717993
665.30473314,50.84681675,78.63155917298546,129.47837592298546
665.72824655,51.23660836,78.70499188350104,129.94160024350103
666.15173617,51.64261294,78.80167982859113,130.44429276859114
666.575202,52.04379335,78.87600580144593,130.91979915144594
666.99864402,52.46616655,78.94754485416543,131.41371140416544
667.4220622,52.89729156,79.0167388234052,131.9140303834052
667.84545653,53.33777646,79.09016872567645,132.42794518567644
668.26882699,53.78476146,79.16586827707245,132.95062973707246
668.69217355,54.24199936,79.2316520300087,133.4736513900087
669.11549621,54.70348227,79.29820386557314,134.00168613557315
669.53879494,55.16854324,79.36384752490804,134.53239076490803
669.96206971,55.65231351,79.41415515199094,135.06646866199094
670.38532052,56.13886101,79.44921759085629,135.5880786008563
670.80854735,56.62308963,79.5178235984184,136.1409132284184
671.23175017,57.09924975,79.5899883300102,136.6892380800102
671.65492896,57.57433735,79.65430520559975,137.22864255559975
672.07808371,58.05169521,79.73096119271271,137.78265640271272
672.5012144,58.51853114,79.81343387495808,138.3319650149581
672.92432101,58.99911889,79.92240068215912,138.92151957215913
673.34740351,59.44930619,80.07074701183436,139.52005320183434
673.7704619,59.9102606,80.25826259183349,140.1685231918335
674.19349615,60.34285025,80.44723603911072,140.79008628911072
674.61650623,60.77243394,80.67660152011119,141.4490354601112
675.03949215,61.18818005,80.9496260177275,142.1378060677275
675.46245386,61.60091502,81.22122384337597,142.82213886337598
675.88539136,61.99642681,81.52921407876362,143.52564088876363
676.30830463,62.38758946,81.84321005751302,144.23079951751302
676.73119364,62.76784231,82.16667187322857,144.93451418322857
677.15405838,63.14199595,82.51486384904454,145.65685979904455
677.57689882,63.50861042,82.86279482704123,146.37140524704122
677.99971496,63.86109441,83.20298124129377,147.06407565129376
678.42250677,64.20490812,83.53052023190435,147.73542835190435
678.84527423,64.53987388,83.85597852628989,148.3958524062899
679.26801732,64.87589902,84.14834823338377,149.02424725338378
679.69073602,65.21507444,84.44696950672558,149.6620439467256
680.11343032,65.53326872,84.70502570742931,150.2382944274293
680.53610019,65.85260288,84.93042695702543,150.78302983702542
680.95874562,66.17286626,85.10904315407981,151.28190941407982
681.38136658,66.49861058,85.24406487751702,151.742675457517
681.80396307,66.82085833,85.33178455100449,152.15264288100448
682.22653505,67.14406239,85.37954062155593,152.52360301155593
682.64908251,67.47482857,85.39097404187795,152.86580261187794
683.07160543,67.81158806,85.3795041025097,153.1910921625097
683.49410379,68.14358394,85.32618180949072,153.4697657494907
683.91657758,68.48048125,85.2315981632311,153.7120794132311
684.33902677,68.83502932,85.12204985634871,153.9570791763487
684.76145134,69.20105238,85.00455260810706,154.20560498810704
685.18385128,69.56137275,84.87361790392912,154.4349906539291
685.60622656,69.94788645,84.75071829194526,154.69860474194525
686.02857717,70.32338756,84.62433863475088,154.94772619475089
686.45090309,70.72171322,84.50131394840385,155.22302716840386
686.8732043,71.12021271,84.36696085499545,155.48717356499546
687.29548077,71.53273687,84.2591159818148,155.79185285181478
687.7177325,71.94293102,84.15079822401539,156.09372924401538
688.13995946,72.35385728,84.03278913959336,156.38664641959338
688.56216163,72.77460819,83.94587772234101,156.72048591234102
688.98433899,73.21256584,83.87260714830683,157.08517298830682
689.40649153,73.64535854,83.79892420369845,157.44428274369847
689.82861923,74.07404359,83.73517818572164,157.80922177572165
690.25072206,74.50402281,83.65859398868177,158.16261679868177
690.67280001,74.92637227,83.58750315336566,158.51387542336568
691.09485305,75.35970433,83.53266538353024,158.89236971353023
691.51688118,75.79829935,83.47686867568781,159.2751680256878
691.93888436,76.23720356,83.43448617892489,159.6716897389249
692.36086259,76.66116524,83.38372157975336,160.04488681975334
692.78281583,77.08746254,83.34631710372308,160.43377964372308
693.20474408,77.51753043,83.33010329573924,160.84763372573923
693.62664732,77.92833761,83.30477271061035,161.23311032061036
694.04852552,78.33964341,83.31552217244601,161.655165582446
694.47037866,78.73525167,83.34475590750533,162.08000757750534
694.89220673,79.13554363,83.38447786418664,162.52002149418664
695.31400971,79.52901934,83.43096740200133,162.95998674200132
695.73578757,79.91279816,83.49920421783618,163.4120023778362
696.15754031,80.2645735,83.58010540297636,163.84467890297634
696.57926789,80.62962109,83.70965298147105,164.33927407147104
697.00097031,80.98868783,83.84253922797018,164.83122705797018
697.42264753,81.33441105,83.99220375289366,165.32661480289366
697.84429955,81.66411249,84.14506884223287,165.80918133223287
698.26592635,81.99007381,84.29715356551576,166.28722737551576
698.6875279,82.30658261,84.46541908202833,166.77200169202834
699.10910418,82.6114864,84.60947510201,167.22096150201
699.53065518,82.90052274,84.73427475396642,167.6347974939664
699.95218088,83.18756542,84.86111859233912,168.04868401233912
700.37368126,83.47053744,84.97309686367197,168.44363430367196
700.7951563,83.75009365,85.07112511093099,168.821218760931
701.21660597,84.02582081,85.17034638227452,169.19616719227452
701.63803027,84.28284733,85.25614333043028,169.53899066043027
702.05942917,84.51562415,85.30224432536076,169.81786847536074
702.48080265,84.75988997,85.37805771754061,170.13794768754062
702.9021507,84.99369009,85.44616830298342,170.4398583929834
703.32347329,85.21775908,85.51148818743853,170.72924726743852
703.74477041,85.42809345,85.56905970311645,170.99715315311647
704.16604204,85.61994471,85.62450447708517,171.24444918708517
704.58728815,85.80217654,85.71235608356587,171.51453262356586
705.00850873,85.9782908,85.81526770373995,171.79355850373994
705.42970376,86.14494744,85.95213393750917,172.09708137750917
705.85087322,86.29120811,86.10184826868671,172.3930563786867
706.2720171,86.42524033,86.25842437719284,172.68366470719283
706.69313536,86.55901854,86.48689440734985,173.04591294734985
707.114228,86.67412197,86.70972829058287,173.38385026058288
707.53529499,86.7838431,86.98545187493994,173.76929497493995
707.95633632,86.88017136,87.2832307568051,174.16340211680512
708.37735196,86.96704745,87.61810583249388,174.58515328249388
708.7983419,87.05486956,88.0004178550231,175.0552874150231
709.21930612,87.1347564,88.40018446622209,175.5349408662221
709.6402446,87.20161439,88.80417851714721,176.00579290714722
710.06115731,87.27143796,89.21669075414128,176.48812871414128
710.48204425,87.31966337,89.61803325042594,176.93769662042592
710.90290539,87.3654909,90.0087969407259,177.3742878407259
711.32374071,87.42202206,90.4030907727967,177.82511283279672
711.7445502,87.44888455,90.75894653000977,178.20783108000978
712.16533383,87.49626652,91.12222646718351,178.61849298718352
712.58609158,87.53429586,91.45664274568024,178.99093860568024
713.00682344,87.58232441,91.76268571497158,179.34501012497157
713.42752939,87.63189323,92.0432950984415,179.6751883284415
713.84820941,87.66733978,92.29186303681558,179.9592028168156
714.26886347,87.70555249,92.50571243320488,180.21126492320488
714.68949157,87.73954237,92.66689844920108,180.40644081920107
715.11009368,87.78250316,92.80551431842304,180.58801747842304
715.53066977,87.82190181,92.89204990893315,180.71395171893315
715.95121984,87.87475978,92.93613723936997,180.81089701936997
716.37174387,87.92215297,92.9654979262273,180.88765089622729
716.79224183,87.98613983,92.97213405479523,180.95827388479523
717.2127137,88.04328075,92.97607218176867,181.01935293176865
717.63315947,88.11691221,92.95291455882757,181.06982676882757
718.05357912,88.1963276,92.89355057003321,181.08987817003322
718.47397263,88.27491124,92.80356303493109,181.07847427493107
718.89433997,88.37287886,92.72189447252212,181.09477333252212
719.31468114,88.48213623,92.65424724389538,181.13638347389536
719.7349961,88.59855869,92.54439647573676,181.14295516573677
720.15528485,88.72997735,92.4484424375884,181.17841978758838
720.57554736,88.86929079,92.33508614952221,181.2043769395222
720.99578362,89.0144917,92.25684888323546,181.27134058323546
721.4159936,89.17487545,92.15608334606821,181.33095879606822
721.83617729,89.33492978,92.06548443645455,181.40041421645455
722.25633466,89.51998003,91.97289243880975,181.49287246880976
722.6764657,89.71344155,91.87443249880884,181.58787404880883
723.09657039,89.90676769,91.80994862583276,181.71671631583274
723.51664871,90.12700194,91.75479405005642,181.88179599005642
723.93670063,90.36244212,91.72773447273636,182.09017659273636
724.35672615,90.59641668,91.69930245195523,182.29571913195525
724.77672524,90.85772767,91.68625086318046,182.54397853318045
725.19669789,91.11491493,91.68013728081054,182.79505221081052
725.61664407,91.39227321,91.70404935077767,183.09632256077765
726.03656376,91.64864445,91.73302999430165,183.38167444430167
726.45645695,91.91504209,91.76122634705409,183.6762684370541
726.87632362,92.20258074,91.80336254205315,184.00594328205315
727.29616374,92.50080099,91.85376741830505,184.35456840830506
727.7159773,92.8096493,91.93791993973015,184.74756923973015
728.13576429,93.12272509,92.04935612131796,185.17208121131796
728.55552467,93.44215479,92.17636358376218,185.61851837376219
728.97525843,93.75898096,92.31618861505304,186.07516957505305
729.39496556,94.0802894,92.45917814804231,186.5394675480423
729.81464603,94.4061585,92.61122254004447,187.01738104004448
730.23429983,94.74850294,92.76337247111016,187.51187541111017
730.65392692,95.09276242,92.90892139238389,188.00168381238387
731.07352731,95.42276542,93.05833811471226,188.48110353471225
731.49310096,95.7560314,93.20226610981777,188.95829750981778
731.91264786,96.09671703,93.32103597546923,189.41775300546922
732.33216799,96.43666516,93.43707817046123,189.87374333046125
732.75166133,96.78397148,93.5685766630495,190.3525481430495
733.17112786,97.11918029,93.69646052815519,190.8156408181552
733.59056756,97.46217456,93.78280854012314,191.24498310012314
734.00998042,97.80334728,93.84688452604809,191.65023180604808
734.4293664,98.14705517,93.91253106013045,192.05958623013044
734.8487255,98.48903891,93.93246401261274,192.42150292261275
735.2680577,98.84247344,93.95896925603112,192.80144269603113
735.68736298,99.19587962,93.98925165933748,193.1851312793375
736.10664131,99.54348915,93.96578597803766,193.50927512803764
736.52589267,99.88146756,93.93068607335803,193.81215363335804
736.94511706,100.21786578,93.88652975290809,194.1043955329081
737.36431445,100.5602729,93.8580497089619,194.4183226089619
737.78348482,100.90575526,93.8241541326468,194.7299093926468
738.20262815,101.23964414,93.79776694151076,195.03741108151075
738.62174442,101.58152817,93.7667380966278,195.3482662666278
739.04083362,101.93010124,93.7522992739632,195.68240051396322
739.45989572,102.28221565,93.76205731995226,196.04427296995226
739.87893071,102.62195553,93.80182965417983,196.42378518417982
740.29793856,102.94939103,93.85106845927432,196.80045948927432
740.71691926,103.27521959,93.91371313024736,197.18893272024735
741.13587279,103.60353111,94.01857711219048,197.6221082221905
741.55479913,103.92737183,94.11252070728683,198.03989253728685
741.97369826,104.25223151,94.25677537208692,198.5090068820869
742.39257016,104.57398808,94.41914502536959,198.9931331053696
742.81141481,104.88393133,94.63380680361556,199.51773813361555
743.23023219,105.17273355,94.84080670482291,200.0135402548229
743.64902229,105.45917525,95.0839912882871,200.5431665382871
744.06778508,105.75162444,95.36762969990671,201.11925413990673
744.48652055,106.03356449,95.69220509978061,201.7257695897806
744.90522868,106.31175613,96.04854500031433,202.36030113031433
745.32390944,106.56204405,96.41228011541841,202.9743241654184
745.74256282,106.79572314,96.7765525617521,203.57227570175212
746.1611888,107.03122352,97.16967918621651,204.2009027062165
746.57978736,107.25755739,97.59944478924339,204.8570021792434
746.99835849,107.47883609,98.0402228912144,205.5190589812144
747.41690215,107.68937983,98.46688406965849,206.15626389965848
747.83541834,107.89745228,98.88818105352328,206.78563333352326
748.25390703,108.08540818,99.31608751170178,207.40149569170177
748.67236821,108.25436694,99.72314533491145,207.97751227491145
749.09080185,108.42892501,100.13139001846748,208.56031502846747
749.50920794,108.59516822,100.53733311529504,209.13250133529505
749.92758646,108.7508518,100.90323139600491,209.65408319600493
750.34593739,108.89579428,101.22691408518075,210.12270836518076
750.7642607,109.03450596,101.54783888187409,210.5823448418741
751.18255639,109.17660764,101.85584607827116,211.03245371827114
751.60082443,109.28879916,102.10327325785855,211.39207241785854
752.0190648,109.41448724,102.32590754233391,211.7403947823339
752.43727748,109.52293801,102.50454185926618,212.0274798692662
752.85546246,109.64480321,102.64794917822715,212.29275238822714
753.27361971,109.76520468,102.74061727978146,212.50582195978146
753.69174922,109.88533042,102.79577220528888,212.68110262528887
754.10985097,110.003159,102.79803144941756,212.80119044941756
754.52792493,110.0983626,102.78509310469344,212.88345570469346
754.94597109,110.19322221,102.69938298888974,212.89260519888973
755.36398944,110.28401292,102.5950161040741,212.8790290240741
755.78197994,110.39205052,102.4492588916386,212.8413094116386
756.19994258,110.50145672,102.29285398014623,212.79431070014624
756.61787735,110.59656268,102.1179622967308,212.7145249767308
757.03578422,110.69226976,101.90106246281381,212.5933322228138
757.45366318,110.80121129,101.65880963823074,212.46002092823073
757.8715142,110.88220536,101.41456535837092,212.2967707183709
758.28933727,110.99838091,101.16125512536033,212.15963603536034
758.70713236,111.11352526,100.88643885229807,211.99996411229807
759.12489946,111.21109987,100.59481490446568,211.8059147744657
759.54263856,111.3173879,100.3296021517899,211.64699005178989
759.96034962,111.41946785,100.02243707213067,211.44190492213068
760.37803263,111.51476529,99.77110414421095,211.28586943421095
760.79568758,111.60248224,99.56178136764657,211.16426360764657
761.21331443,111.6966919,99.33201755402206,211.02870945402208
761.63091318,111.80051341,99.13501613618787,210.93552954618787
762.04848381,111.90852857,98.98255481240408,210.89108338240408
762.46602629,112.02991328,98.8332916543611,210.8632049343611
762.88354061,112.13322698,98.71364765961289,210.8468746396129
763.30102674,112.22538918,98.62269422284835,210.84808340284835
763.71848468,112.32406984,98.54180857268679,210.8658784126868
764.13591439,112.41846905,98.49484378379066,210.91331283379066
764.55331586,112.54403021,98.47551189338814,211.01954210338815
764.97068908,112.64786925,98.4826448742719,211.13051412427188
765.38803401,112.74592027,98.4944289452314,211.2403492152314
765.80535065,112.83144025,98.50657425254292,211.33801450254293
766.22263898,112.91424602,98.56660645418219,211.4808524741822
766.63989896,112.99006827,98.63112427494141,211.6211925449414
767.0571306,113.07049797,98.71614364815635,211.78664161815635
767.47433386,113.16873714,98.81770558159555,211.98644272159555
767.89150873,113.25644963,98.94620897378023,212.20265860378024
768.30865518,113.34729355,99.06958043221479,212.41687398221478
768.72577321,113.4145915,99.19005358958738,212.6046450895874
769.14286278,113.50618512,99.34144946994338,212.84763458994337
769.55992389,113.59181604,99.43979231080614,213.03160835080615
769.97695651,113.67715651,99.5578086504127,213.23496516041268
770.39396062,113.75275573,99.66359717527494,213.41635290527495
770.81093621,113.85334214,99.75331075642677,213.60665289642677
771.22788325,113.92401017,99.8015852984867,213.7255954684867
771.64480173,113.99471056,99.84925313869277,213.8439636986928
772.06169163,114.07491066,99.8531618750738,213.9280725350738
772.47855292,114.14005706,99.79450006704697,213.93455712704696
772.89538559,114.22065527,99.75223734670233,213.97289261670232
773.31218962,114.28788349,99.661845555484,213.949729045484
773.72896499,114.38326051,99.53093296119681,213.91419347119682
774.14571169,114.46885327,99.38843829620807,213.85729156620806
774.56242968,114.54779525,99.21423018941063,213.76202543941062
774.97911896,114.6073436,99.01679860149495,213.62414220149495
775.3957795,114.67090081,98.82495593000182,213.49585674000184
775.81241129,114.75468736,98.62749022517092,213.38217758517092
776.22901431,114.83235881,98.40096910671592,213.23332791671592
776.64558853,114.91232323,98.17631319581719,213.08863642581719
777.06213394,115.01134241,97.93571937199737,212.94706178199738
777.47865052,115.08020595,97.69916180299785,212.77936775299787
777.89513825,115.14797283,97.44912631185808,212.59709914185808
778.3115971,115.22839992,97.23987218175031,212.4682721017503
778.72802708,115.32785902,97.05705089724466,212.38490991724467
779.14442814,115.43176427,96.87684434859288,212.30860861859287
779.56080028,115.53333448,96.69807383695654,212.23140831695653
779.97714347,115.62538468,96.52350372317848,212.1488884031785
780.39345769,115.71068591,96.34888956284223,212.05957547284223
780.80974294,115.80377373,96.19715809641274,212.00093182641274
781.22599918,115.89547468,96.06597168706521,211.9614463670652
781.6422264,116.00232896,95.95320621942572,211.95553517942574
782.05842457,116.09431418,95.849605097158,211.943919277158
782.47459369,116.19148094,95.76881428893726,211.96029522893727
782.89073373,116.27870232,95.69241732205927,211.97111964205925
783.30684467,116.38364494,95.64908005396744,212.03272499396743
783.72292649,116.47289692,95.59365722306632,212.0665541430663
784.13897918,116.57588174,95.5722294066295,212.1481111466295
784.55500271,116.68052793,95.57865241551438,212.25918034551438
784.97099707,116.79020114,95.60470407527988,212.3949052152799
785.38696224,116.89388533,95.63816750403676,212.53205283403676
785.80289819,116.98524697,95.6920737095302,212.67732067953023
786.21880491,117.09378826,95.7267877250154,212.8205759850154
786.63468238,117.17012317,95.76467598356774,212.93479915356772
787.05053057,117.24757532,95.85290538749233,213.10048070749232
787.46634949,117.33358735,95.93008189173857,213.26366924173857
787.88213909,117.42067717,96.01759714718527,213.4382743171853
788.29789936,117.48024476,96.10565655864082,213.58590131864082
788.71363029,117.53918043,96.21361146417243,213.75279189417245
789.12933186,117.61773584,96.35052821062536,213.96826405062535
789.54500404,117.67780097,96.50644489211551,214.18424586211552
789.96064681,117.71061978,96.6354545043481,214.3460742843481
790.37626017,117.77231562,96.80707651382151,214.5793921338215
790.79184408,117.82619416,96.99368811206084,214.81988227206085
791.20739853,117.86924146,97.15010836599393,215.0193498259939
791.62292351,117.89526212,97.2979378119428,215.1931999319428
792.03841898,117.91066458,97.4485470872606,215.35921166726058
792.45388494,117.91703361,97.61959273500476,215.53662634500478
792.86932136,117.92293551,97.77027075563639,215.69320626563638
793.28472822,117.93379978,97.91858454592969,215.85238432592968
793.70010551,117.93103903,98.03334664417606,215.96438567417607
794.11545321,117.97148426,98.14182632084758,216.11331058084758
794.53077129,117.96290225,98.23464304938706,216.19754529938706
794.94605974,117.9504968,98.28370261501689,216.2341994150169
795.36131853,117.92136164,98.34448376993542,216.26584540993542
795.77654766,117.90189177,98.36668750929496,216.26857927929495
796.1917471,117.86367236,98.34272146059547,216.20639382059545
796.60691683,117.79874438,98.31361207103484,216.11235645103483
797.02205683,117.74130099,98.2767204434428,216.0180214334428
797.43716709,117.66057108,98.16039416486672,215.82096524486673
797.85224758,117.60255734,98.0390835283177,215.64164086831772
798.26729829,117.53683466,97.91106190175299,215.447896561753
798.68231919,117.46673609,97.77420142772674,215.24093751772673
799.09731027,117.38855216,97.62505934896883,215.01361150896884
799.5122715,117.31099521,97.4710341986777,214.78202940867772
799.92720288,117.22639659,97.28826102986228,214.51465761986228
800.34210438,117.12797342,97.11716169696875,214.24513511696875
800.75697597,117.03761599,96.93654838971578,213.97416437971577
801.17181765,116.94674069,96.7481939065957,213.69493459659571
801.58662939,116.84538525,96.55676389493799,213.402149144938
802.00141118,116.72654382,96.39147178047503,213.11801560047502
802.41616299,116.59325739,96.24455337202832,212.8378107620283
802.8308848,116.48550479,96.14016896482441,212.6256737548244
803.2455766,116.36233521,96.0359034204391,212.3982386304391
803.66023837,116.23859299,95.9679990046984,212.20659199469839
804.07487008,116.10377505,95.93390961186392,212.03768466186392
804.48947173,115.95977142,95.93970193718026,211.89947335718026
804.90404329,115.85235023,95.9881685778519,211.84051880785188
805.31858473,115.71902552,96.04020398135883,211.75922950135885
805.73309605,115.59519034,96.16888931932625,211.76407965932626
806.14757722,115.46261392,96.34886520364425,211.81147912364423
806.56202823,115.33064072,96.5612180458782,211.89185876587823
806.97644905,115.15729128,96.80636413722249,211.96365541722247
807.39083966,115.02664054,97.07886206081362,212.10550260081362
807.80520005,114.89504512,97.37879673404665,212.27384185404665
808.2195302,114.75936633,97.7184938766367,212.4778602066367
808.63383009,114.6410526,98.07607526555888,212.7171278655589
809.0480997,114.50109788,98.44321657306789,212.94431445306788
809.46233901,114.36910392,98.80323691324224,213.17234083324223
809.87654799,114.25797628,99.16730760282702,213.42528388282702
810.29072665,114.18260939,99.58452082417608,213.76713021417606
810.70487494,114.0648347,99.97320651307307,214.0380412130731
811.11899286,113.93277016,100.35076372701836,214.28353388701836
811.53308038,113.82603975,100.70526267180256,214.53130242180256
811.94713749,113.70745877,101.0418334305259,214.7492922005259
812.36116416,113.59506353,101.36548686785916,214.96055039785915
812.77516039,113.48246262,101.63555175292795,215.11801437292797
813.18912614,113.3826018,101.86872432509001,215.25132612509003
813.6030614,113.29864686,102.06244926013856,215.36109612013857
814.01696615,113.22299071,102.24742171181113,215.47041242181115
814.43084037,113.13784636,102.37684110092833,215.51468746092831
814.84468405,113.08241924,102.44979258148405,215.53221182148405
815.25849716,113.02974077,102.44058909470039,215.47032986470037
815.67227968,112.96368734,102.39811605678291,215.36180339678293
816.0860316,112.89834411,102.30137588425116,215.19971999425115
816.49975289,112.85242601,102.17404519722793,215.02647120722793
816.91344354,112.80539159,102.01907081204095,214.82446240204095
817.32710353,112.78323063,101.8099801161039,214.59321074610392
817.74073284,112.72441488,101.50175995175613,214.2261748317561
818.15433144,112.71885904,101.22073021334324,213.93958925334323
818.56789933,112.69069154,100.82247948990334,213.51317102990333
818.98143648,112.68152295,100.39267920029036,213.07420215029038
819.39494287,112.6780692,99.97514620108305,212.65321540108306
819.80841849,112.68705947,99.5267030062854,212.2137624762854
820.2218633,112.68072138,99.00533707827525,211.68605845827523
820.63527731,112.69472444,98.495988209571,211.190712649571
821.04866048,112.71133031,97.93914065558145,210.65047096558146
821.4620128,112.70133682,97.4037217321778,210.1050585521778
821.87533424,112.72663371,96.92640931435751,209.65304302435752
822.2886248,112.74341493,96.42381235807767,209.16722728807767
822.70188444,112.7470446,95.93462685030897,208.68167145030895
823.11511316,112.72871558,95.42344184311457,208.15215742311457
823.52831093,112.71670009,94.9569092140304,207.6736093040304
823.94147773,112.75008189,94.49048639491957,207.24056828491956
824.35461354,112.72886599,94.02453286949576,206.75339885949575
824.76771835,112.75371278,93.61843930777773,206.37215208777775
825.18079213,112.74879168,93.19524418096805,205.94403586096803
825.59383487,112.75965379,92.82122598787171,205.5808797778717
826.00684655,112.77721743,92.47734373007448,205.25456116007447
826.41982715,112.76992548,92.12571468708857,204.89564016708857
826.83277664,112.76639698,91.80124860862281,204.5676455886228
827.24569502,112.76972893,91.50982862247938,204.2795575524794
827.65858225,112.74033657,91.23959305713483,203.97992962713482
828.07143833,112.7272227,91.0093123074342,203.7365350074342
828.48426323,112.69869263,90.76642939714955,203.46512202714956
828.89705694,112.66562075,90.56240913815883,203.22802988815883
829.30981943,112.61477411,90.35792100438499,202.97269511438498
829.72255068,112.57974431,90.15091352739643,202.73065783739642
830.13525068,112.52152077,89.95898700646661,202.4805077764666
830.54791941,112.44916173,89.83100819433145,202.28016992433146
830.96055685,112.34922536,89.67994156564616,202.02916692564617
831.37316298,112.28244552,89.61008216078493,201.89252768078492
831.78573777,112.17187219,89.52776341251526,201.69963560251526
832.19828122,112.057751,89.42066787748294,201.47841887748294
832.6107933,111.92764332,89.35577056195875,201.28341388195875
833.023274,111.81928291,89.36135490377545,201.18063781377543
833.43572328,111.65649036,89.34423483489142,201.00072519489143
833.84814115,111.52526581,89.38943868179419,200.91470449179417
834.26052757,111.39604795,89.43352273306121,200.8295706830612
834.67288252,111.24808551,89.45689973385991,200.7049852438599
835.08520599,111.09413115,89.51067787626151,200.6048090262615
835.49749796,110.9010006,89.57901865779986,200.48001925779988
835.90975842,110.727823,89.6669917143468,200.3948147143468
836.32198733,110.55041764,89.7390269621932,200.2894446021932
836.73418468,110.35514476,89.81569113393057,200.1708358939306
837.14635046,110.16016642,89.91232995246884,200.07249637246883
837.55848463,109.94505707,90.01770295532297,199.96276002532298
837.9705872,109.73234169,90.13285335650723,199.8651950465072
838.38265813,109.50905494,90.21245414041348,199.72150908041348
838.7946974,109.25835741,90.27471651803167,199.53307392803168
839.206705,109.0100943,90.35281460334004,199.36290890334004
839.61868091,108.73196649,90.40829522961421,199.14026171961422
840.03062511,108.47963383,90.46697059391188,198.94660442391188
840.44253757,108.1915953,90.49371641569556,198.68531171569555
840.85441829,107.89040577,90.49772973057178,198.38813550057176
841.26626724,107.61446492,90.54465095540095,198.15911587540097
841.6780844,107.31270852,90.56593326579095,197.87864178579093
842.08986976,107.00729594,90.55079151356495,197.55808745356495
842.50162329,106.71072042,90.51966546230183,197.23038588230185
842.91334498,106.37656008,90.48403934373135,196.86059942373134
843.3250348,106.06800044,90.41123012374848,196.4792305637485
843.73669274,105.76105141,90.36291928486501,196.12397069486502
844.14831877,105.40060969,90.23807729508472,195.63868698508472
844.55991289,105.07297374,90.1243401868425,195.1973139268425
844.97147506,104.73410698,90.02015435720992,194.75426133720993
845.38300528,104.39847114,89.89525605075866,194.29372719075866
845.79450352,104.02466288,89.72274167563047,193.74740455563045
846.20596976,103.68032951,89.61080090682546,193.29113041682547
846.61740399,103.29814279,89.43669924457787,192.73484203457787
847.02880618,102.90643919,89.24930558511623,192.15574477511623
847.44017631,102.5488157,89.06542627991084,191.61424197991084
847.85151437,102.17290626,88.87726425241296,191.05017051241296
848.26282034,101.81009832,88.70169106095088,190.51178938095086
848.6740942,101.41620369,88.52276322474884,189.93896691474885
849.08533592,101.04064839,88.35913209743771,189.3997804874377
849.4965455,100.65377811,88.22690056795474,188.88067867795473
849.90772291,100.28381314,88.09274040142702,188.37655354142703
850.31886813,99.88758571,87.92569774000837,187.81328345000838
850.72998114,99.4945675,87.76989821671604,187.26446571671605
851.14106193,99.10995218,87.6771101240737,186.7870623040737
851.55211047,98.73187255,87.61472985597237,186.34660240597236
851.96312674,98.34128725,87.59249417067548,185.93378142067547
852.37411074,97.97135874,87.58492291246475,185.55628165246475
852.78506243,97.55737299,87.58760961681132,185.1449826068113
853.1959818,97.19369829,87.6589790821481,184.8526773721481
853.60686882,96.80586187,87.74772658270099,184.55358845270098
854.01772349,96.41348646,87.80746911937814,184.22095557937814
854.42854578,96.02654774,87.89700090385486,183.92354864385487
854.83933568,95.65477106,88.05569384559278,183.7104649055928
855.25009315,95.25564745,88.23124074956654,183.48688819956652
855.66081819,94.86363427,88.42433789895185,183.28797216895185
856.07151078,94.48044268,88.66465281460871,183.1450954946087
856.48217089,94.06095907,88.86447976778139,182.92543883778137
856.8927985,93.69535391,89.09037755168703,182.78573146168702
857.30339361,93.3086643,89.35829592998691,182.6669602299869
857.71395618,92.91514513,89.61898309596066,182.53412822596067
858.1244862,92.51712626,89.8435471786539,182.36067343865392
858.53498366,92.11857756,90.09089008783891,182.20946764783892
858.94544852,91.71621688,90.29713407896578,182.0133509589658
859.35588078,91.31828684,90.51507424494024,181.83336108494024
859.76628041,90.91857759,90.70000651697688,181.61858410697687
860.1766474,90.49489688,90.85783156021199,181.352728440212
860.58698172,90.12510626,91.04391979566847,181.16902605566847
860.99728335,89.73429882,91.20001307469168,180.9343118946917
861.40755229,89.36728093,91.33408810539376,180.70136903539378
861.8177885,88.98261627,91.4174082129024,180.40002448290238
862.22799197,88.61182462,91.45630381790278,180.06812843790277
862.63816268,88.22275288,91.49191899385872,179.71467187385872
863.04830061,87.85283672,91.52693260240495,179.37976932240497
863.45840574,87.47203181,91.5299898904931,179.00202170049312
863.86847805,87.10823823,91.52215955111821,178.6303977811182
864.27851753,86.74808914,91.49720517086796,178.24529431086796
864.68852415,86.39753713,91.4060120674688,177.80354919746878
865.0984979,86.03658891,91.32493036470278,177.3615192747028
865.50843876,85.67515016,91.17399950362828,176.84914966362828
865.9183467,85.30791999,90.97292818534292,176.28084817534292
866.32822171,84.96993704,90.79521787248919,175.7651549124892
866.73806377,84.60204251,90.62501233677912,175.22705484677914
867.14787286,84.27881591,90.42122498549818,174.7000408954982
867.55764895,83.92021558,90.20294269005261,174.1231582700526
867.96739205,83.5699793,89.94886177377914,173.51884107377913
868.37710211,83.23935908,89.69786517550271,172.9372242555027
868.78677913,82.89041195,89.45813924947909,172.3485511994791
869.19642308,82.57070517,89.18258979419821,171.7532949641982
869.60603395,82.22760235,88.94505485980518,171.17265720980518
870.01561171,81.87137449,88.66305131999843,170.53442580999842
870.42515635,81.51268564,88.38592353322622,169.89860917322622
870.83466785,81.16102621,88.0986834119227,169.2597096219227
871.24414619,80.85140998,87.8616349499751,168.7130449299751
871.65359135,80.51783807,87.61391586304764,168.13175393304763
872.06300331,80.18119511,87.28136451149892,167.46255962149894
872.47238206,79.85426088,87.05089032899498,166.905151208995
872.88172756,79.52823975,86.79218391239203,166.32042366239205
873.29103981,79.17865388,86.50218396508298,165.68083784508298
873.70031878,78.85660784,86.20461977589609,165.0612276158961
874.10956446,78.5369334,85.9383479578487,164.4752813578487
874.51877683,78.21124864,85.68951050047538,163.90075914047537
874.92795586,77.86246658,85.43296070720027,163.29542728720025
875.33710155,77.5410041,85.14293416498545,162.68393826498544
875.74621386,77.21987932,84.89102720213535,162.11090652213534
876.15529278,76.94572773,84.66528953285945,161.61101726285943
876.5643383,76.62434619,84.41704726311566,161.04139345311566
876.97335038,76.29593719,84.15034678184394,160.44628397184394
877.38232902,75.9774033,83.90545665793846,159.88285995793848
877.79127419,75.67790392,83.67254728194871,159.35045120194872
878.20018588,75.38268394,83.43784072304379,158.82052466304378
878.60906407,75.11166256,83.22010487717834,158.33176743717834
879.01790873,74.83161386,82.95566253487422,157.78727639487423
879.42671984,74.55661211,82.69668014373426,157.25329225373426
879.8354974,74.26754196,82.47243614377108,156.73997810377108
880.24424138,74.03654252,82.2172056332548,156.2537481532548
880.65295176,73.7784957,82.01331130284586,155.79180700284587
881.06162852,73.55549308,81.76550737827552,155.32100045827553
881.47027164,73.33155013,81.51967776508175,154.85122789508176
881.8788811,73.1307981,81.34786177778541,154.47865987778542
882.28745689,72.92703019,81.14112912225706,154.06815931225705
882.69599898,72.72114276,80.88700345481614,153.60814621481614
883.10450736,72.54933544,80.70346241023616,153.25279785023616
883.51298201,72.38769604,80.53668815812765,152.92438419812765
883.92142291,72.22501119,80.32683847646447,152.55184966646448
884.32983003,72.08860842,80.1147960599568,152.20340447995682
884.73820337,71.9561975,79.98911037460637,151.94530787460639
885.14654289,71.82395569,79.8176753485989,151.64163103859892
885.55484859,71.67434925,79.65931388119095,151.33366313119097
885.96312043,71.56350866,79.5344436844145,151.0979523444145
886.37135842,71.45755619,79.40549987342352,150.86305606342353
886.77956251,71.33091905,79.26810912778149,150.5990281777815
887.18773271,71.23269918,79.11004057695736,150.34273975695737
887.59586898,71.17401163,79.01804976602008,150.19206139602008
888.0039713,71.12384265,78.88729830648181,150.01114095648182
888.41203966,71.05117708,78.74471149090738,149.79588857090738
888.82007405,70.94937293,78.61251977903063,149.56189270903064
889.22807443,70.89976985,78.45888774042089,149.35865759042088
889.63604079,70.83659338,78.27355549806406,149.11014887806405
890.04397312,70.80961339,78.12860177430241,148.9382151643024
890.45187139,70.77994914,77.95459408147417,148.73454322147415
890.85973558,70.76763457,77.8104666243353,148.57810119433532
891.26756568,70.73743852,77.64841658789406,148.38585510789406
891.67536166,70.71360439,77.5060433224923,148.2196477124923
892.08312351,70.7049116,77.32255583349267,148.0274674334927
892.49085121,70.69871156,77.13403494644162,147.83274650644162
892.89854473,70.66048596,76.94733042642751,147.60781638642752
893.30620407,70.64693889,76.70191076599883,147.34884965599883
893.71382919,70.65047652,76.48559536121073,147.13607188121074
894.12142009,70.66542534,76.27366841615364,146.93909375615362
894.52897673,70.66019616,76.03215840685907,146.69235456685908
894.93649911,70.6687022,75.77549146116601,146.44419366116603
895.34398721,70.68539754,75.5407425928251,146.2261401328251
895.751441,70.69407824,75.18559010408707,145.87966834408707
896.15886046,70.6987363,74.88357568626161,145.5823119862616
896.56624558,70.70222155,74.57291016803698,145.275131718037
896.97359634,70.70839713,74.2455586658194,144.9539557958194
897.38091272,70.70790423,73.94093515625295,144.64883938625294
897.7881947,70.70843131,73.56022743643162,144.2686587464316
898.19544225,70.75142127,73.23078136581026,143.98220263581027
898.60265537,70.77948548,72.90276870323422,143.68225418323422
899.00983403,70.81318642,72.53333502329022,143.34652144329021
899.41697822,70.840738,72.14906370733817,142.9898017073382
899.82408791,70.87133235,71.79771245810316,142.66904480810317
900.23116308,70.86828436,71.43299321160791,142.3012775716079
900.63820372,70.89905351,71.12886394738139,142.0279174573814
901.04520981,70.90086777,70.78521812567223,141.68608589567225
901.45218132,70.92492492,70.46250511384632,141.38743003384633
901.85911824,70.88728594,70.1044518157664,140.9917377557664
902.26602056,70.90451904,69.85071563747893,140.75523467747894
902.67288824,70.90174756,69.50229110920982,140.40403866920983
903.07972127,70.88660004,69.19161028686871,140.0782103268687
903.48651964,70.89896627,68.8939688232269,139.7929350932269
903.89328332,70.87500896,68.62562432602617,139.5006332860262
904.3000123,70.86836004,68.35840763277746,139.22676767277744
904.70670655,70.85948809,68.12806208295525,138.98755017295525
905.11336605,70.86424418,67.92246126194605,138.78670544194605
905.51999079,70.86467614,67.71347267476351,138.5781488147635
905.92658076,70.86036152,67.51780509352373,138.37816661352372
906.33313592,70.81966702,67.355015156551,138.17468217655102
906.73965626,70.76727512,67.1863132728902,137.9535883928902
907.14614176,70.70625204,67.0259182514892,137.73217029148918
907.5525924,70.68005418,66.89150378255738,137.5715579625574
907.95900816,70.62407418,66.75343624685672,137.3775104268567
908.36538903,70.5627675,66.66261177342754,137.22537927342756
908.77173498,70.51422853,66.55353187613777,137.06776040613778
909.178046,70.44450813,66.46976011296672,136.91426824296673
909.58432207,70.36164322,66.41086623026956,136.77250945026958
909.99056316,70.28376869,66.31000304055772,136.5937717305577
910.39676926,70.21239926,66.30548458988801,136.517883849888
910.80294035,70.12098574,66.23431061476434,136.35529635476433
911.20907641,70.00582275,66.11917036354208,136.12499311354208
911.61517742,69.87107704,66.07450875322023,135.94558579322023
912.02124336,69.75138871,66.00279622778858,135.75418493778858
912.42727422,69.60559787,65.92347892958145,135.52907679958145
912.83326996,69.49213136,65.84371002129636,135.33584138129635
913.23923059,69.29969128,65.73104120110645,135.03073248110644
913.64515607,69.16781447,65.62822241671914,134.79603688671915
914.05104638,68.98326547,65.46436527723245,134.44763074723244
914.45690152,68.85031153,65.33651483509453,134.18682636509453
914.86272145,68.71790936,65.15237727469336,133.87028663469334
915.26850616,68.55057,65.04465772234556,133.59522772234556
915.67425563,68.3919855,64.85778687349647,133.24977237349646
916.07996984,68.18558136,64.63645174780648,132.82203310780648
916.48564877,68.00376703,64.42345445948038,132.4272214894804
916.89129241,67.80301495,64.16266054602275,131.96567549602275
917.29690073,67.60121562,63.89447139351112,131.49568701351112
917.70247372,67.33736567,63.57244214863526,130.90980781863527
918.10801135,67.15308978,63.28786856536949,130.4409583453695
918.51351361,66.95156272,62.98167295322655,129.93323567322653
918.91898047,66.72617794,62.63303136838712,129.3592093083871
919.32441193,66.52463183,62.26253373009481,128.78716556009482
919.72980795,66.31209994,61.901642129910186,128.21374206991018
920.13516853,66.06534572,61.51080315594568,127.57614887594568
920.54049363,65.86502905,61.15842043530574,127.02344948530575
920.94578325,65.67246444,60.80642539499746,126.47888983499746
921.35103736,65.44527404,60.418960535195545,125.86423457519555
921.75625595,65.25065132,60.02917737900577,125.27982869900578
922.16143899,65.04855858,59.6431935175402,124.6917520975402
922.56658647,64.83711683,59.215780686174185,124.05289751617418
922.97169836,64.61241803,58.80758532378221,123.42000335378222
923.37677465,64.40871309,58.41050593441635,122.81921902441636
923.78181532,64.184552,58.05766151265072,122.24221351265072
924.18682035,63.98872543,57.68177304400771,121.67049847400772
924.59178972,63.78169048,57.32522260596609,121.10691308596608
924.99672341,63.60364027,57.011891306183664,120.61553157618366
925.40162141,63.36210359,56.63975031767974,120.00185390767973
925.80648369,63.18900027,56.38257148657044,119.57157175657045
926.21131023,62.98816803,56.071840216778824,119.06000824677882
926.61610102,62.8508491,55.84141650841527,118.69226560841527
927.02085603,62.66552455,55.58944549374326,118.25497004374327
927.42557525,62.41823046,55.36186691524365,117.78009737524366
927.83025866,62.19206075,55.12651705863327,117.31857780863328
928.23490624,61.97673802,54.90038942953101,116.877127449531
928.63951796,61.80018056,54.74882728943441,116.54900784943442
929.04409382,61.59753992,54.596672186232624,116.19421210623263
929.44863379,61.41915471,54.49000711729633,115.90916182729633
929.85313785,61.23011702,54.395725698095404,115.62584271809541
930.25760599,61.09802424,54.312021324980336,115.41004556498034
930.66203818,60.88452298,54.19797898630853,115.08250196630853
931.06643441,60.6696767,54.13458190306623,114.80425860306622
931.47079465,60.49047381,54.135160336170706,114.62563414617071
931.87511889,60.29872543,54.131446703748644,114.43017213374864
932.27940711,60.13286398,54.123993208859176,114.25685718885919
932.68365929,59.93808766,54.124494137898026,114.06258179789802
933.0878754,59.76174624,54.10705427945686,113.86880051945687
933.49205544,59.57969406,54.08729286723297,113.66698692723297
933.89619938,59.41082472,54.10856299548797,113.51938771548797
934.30030721,59.19772116,54.13291476428311,113.33063592428311
934.70437889,58.98591437,54.14260795012177,113.12852232012177
935.10841442,58.79981353,54.20662051841992,113.00643404841992
935.51241378,58.65185661,54.233959106646296,112.8858157166463
935.91637694,58.42041143,54.29890854796573,112.71931997796574
936.3203039,58.23054695,54.34772625372532,112.57827320372532
936.72419462,58.01537765,54.39098704898687,112.40636469898686
937.12804908,57.83177083,54.39683244201599,112.22860327201599
937.53186728,57.64563498,54.423719667652485,112.06935464765249
937.93564919,57.52135125,54.49488508921576,112.01623633921577
938.3393948,57.33648213,54.46049705511845,111.79697918511846
938.74310407,57.14873163,54.44999032251005,111.59872195251005
939.146777,56.99495545,54.43680834359146,111.43176379359146
939.55041357,56.84659672,54.43892277697472,111.28551949697473
939.95401375,56.75590352,54.41899988848551,111.1749034084855
940.35757752,56.64165272,54.40023116883407,111.04188388883406
940.76110488,56.53160482,54.41297430395462,110.94457912395461
941.16459579,56.4261484,54.36786419999447,110.79401259999447
941.56805025,56.33694458,54.28157596985859,110.61852054985859
941.97146822,56.23506783,54.20236009972552,110.43742792972552
942.37484969,56.15620752,54.09828978682784,110.25449730682784
942.77819465,56.04357632,54.05486609969468,110.09844241969468
943.18150307,55.95706809,54.01270060418065,109.96976869418066
943.58477494,55.95228718,53.987535459026304,109.9398226390263
943.98801022,55.86526037,53.84685231018549,109.7121126801855
944.39120892,55.79022841,53.741251375367305,109.53147978536731
944.794371,55.76655709,53.606302268469726,109.37285935846973
945.19749645,55.75162261,53.521353774254926,109.27297638425492
945.60058525,55.71718673,53.44661021500449,109.16379694500449
946.00363738,55.69742852,53.3888419217175,109.0862704417175
946.40665282,55.66196726,53.325845778445675,108.98781303844567
946.80963155,55.64387102,53.25996977734398,108.90384079734397
947.21257356,55.64742859,53.21114449313931,108.8585730831393
947.61547881,55.62365696,53.14151997537933,108.76517693537933
948.0183473,55.5852619,53.06992383669095,108.65518573669095
948.42117901,55.63635199,52.99276383691814,108.62911582691814
948.82397391,55.68451985,52.9129900041468,108.59750985414681
949.22673199,55.68178514,52.775084067822654,108.45686920782265
949.62945323,55.68172223,52.789973291500296,108.4716955215003
950.03213761,55.65639401,52.71652707724109,108.37292108724108
950.43478511,55.60142327,52.67735441335836,108.27877768335836
950.8373957,55.55248263,52.627725070780926,108.18020770078093
951.23996938,55.52040687,52.628339897812225,108.14874676781223
951.64250613,55.45121659,52.589572160539944,108.04078875053995
952.04500591,55.37634198,52.56509803105892,107.94144001105892
952.44746872,55.2821791,52.560115810910006,107.84229491091
952.84989454,55.19621337,52.498639681323155,107.69485305132315
953.25228334,55.09379474,52.440242093911294,107.5340368339113
953.65463511,54.93734766,52.42712416153071,107.36447182153071
954.05694983,54.80508849,52.366263892289844,107.17135238228985
954.45922747,54.61684086,52.32999406599659,106.9468349259966
954.86146803,54.42672561,52.29129687612626,106.71802248612626
955.26367148,54.25231727,52.21974768490447,106.47206495490447
955.6658378,54.05288516,52.11853299597502,106.17141815597503
956.06796697,53.79299183,52.01241279769684,105.80540462769684
956.47005898,53.59194957,51.90716709650503,105.49911666650502
956.8721138,53.34909835,51.77596543471932,105.12506378471932
957.27413142,53.04932047,51.70917652353013,104.75849699353013
957.67611181,52.77541889,51.59705676501012,104.37247565501012
958.07805496,52.47071962,51.45928580740774,103.93000542740774
958.47996085,52.13922456,51.32779744134867,103.46702200134868
958.88182946,51.85297075,51.19800197686729,103.05097272686729
959.28366077,51.57332722,51.08196443349184,102.65529165349184
959.68545476,51.23461262,50.863040660679225,102.09765328067922
960.08721142,50.93595626,50.75051011502082,101.68646637502081
960.48893071,50.54545455,50.59194058226631,101.1373951322663
960.89061263,50.14941782,50.35761089118209,100.50702871118209
961.29225716,49.74606207,50.1722434266233,99.9183054966233
961.69386427,49.37792635,50.046463834297434,99.42439018429744
962.09543395,48.9884296,49.76823326274935,98.75666286274935
962.49696617,48.62778686,49.54070759377823,98.16849445377824
962.89846092,48.27282275,49.253769100992216,97.52659185099222
963.29991819,47.92242732,48.99244020960526,96.91486752960526
963.70133794,47.57480714,48.77057747391124,96.34538461391124
964.10272017,47.19776411,48.542119536251775,95.73988364625177
964.50406485,46.88878217,48.33017516896182,95.21895733896181
964.90537196,46.51800167,48.0511657920464,94.5691674620464
965.30664148,46.13440163,47.867474659426684,94.00187628942669
965.7078734,45.7865425,47.65465754835819,93.44120004835818
966.1090677,45.43455932,47.35756424049148,92.79212356049148
966.51022435,45.08614853,47.13705545091977,92.22320398091978
966.91134334,44.81108952,46.88240890703028,91.69349842703028
967.31242465,44.51457267,46.66877834007576,91.18335101007577
967.71346826,44.22450816,46.42442443019526,90.64893259019526
968.11447415,43.95101692,46.23813026926247,90.18914718926247
968.5154423,43.65073972,45.92266646716405,89.57340618716404
968.9163727,43.37833615,45.74784591654067,89.12618206654068
969.31726532,43.14999589,45.609635494534665,88.75963138453466
969.71812014,42.94484026,45.322470406771686,88.26731066677169
970.11893715,42.6720396,45.108939671205185,87.78097927120518
970.51971632,42.47882189,44.923656143064285,87.40247803306428
970.92045764,42.23550564,44.695757839259464,86.93126347925946
971.32116109,41.96993087,44.42961805525825,86.39954892525824
971.72182665,41.70403283,44.15371911303147,85.85775194303147
972.1224543,41.5206127,43.966977399494624,85.48759009949462
972.52304402,41.30763601,43.69573067195446,85.00336668195446
972.92359579,41.17717692,43.50948401547931,84.68666093547931
973.32410959,41.03637248,43.381519044060035,84.41789152406002
973.72458541,40.85193404,43.159908687297424,84.01184272729742
974.12502322,40.67948539,42.9414469182588,83.6209323082588
974.52542301,40.51884754,42.79607806659685,83.31492560659686
974.92578475,40.36231994,42.622434673173665,82.98475461317366
975.32610843,40.23913244,42.492484018539805,82.7316164585398
975.72639403,40.14438411,42.31559290939824,82.45997701939824
976.12664153,40.04356336,42.191921091312466,82.23548445131246
976.52685091,39.91809125,41.964472924523186,81.8825641745232
976.92702215,39.75319488,41.828685823952306,81.58188070395231
977.32715523,39.6970648,41.74491983326022,81.44198463326022
977.72725014,39.64227615,41.516076352695606,81.1583525026956
978.12730685,39.53587396,41.30346887267986,80.83934283267986
978.52732534,39.55066293,41.2549309487813,80.80559387878131
978.9273056,39.50281591,41.11044163571826,80.61325754571826
979.3272476,39.47851141,41.021595765508735,80.50010717550873
979.72715134,39.49703872,40.88151204375616,80.37855076375615
980.12701678,39.483241,40.768754661947,80.251995661947
980.52684391,39.47115475,40.61801283178815,80.08916758178815
980.92663271,39.50123684,40.63893646690069,80.14017330690069
981.32638316,39.50207793,40.53675413576601,80.038832065766
981.72609525,39.49857572,40.41048940839582,79.90906512839581
982.12576895,39.43421226,40.41544890848273,79.84966116848273
982.52540424,39.50862735,40.42754049333484,79.93616784333483
982.92500111,39.52049335,40.3860205074566,79.9065138574566
983.32455953,39.63704805,40.4356371330926,80.0726851830926
983.72407949,39.712282,40.46551183727963,80.17779383727964
984.12356097,39.88234247,40.497482209795464,80.37982467979546
984.52300394,39.95375303,40.55570934121158,80.50946237121158
984.9224084,40.02077562,40.57113359773856,80.59190921773856
985.32177431,40.08172013,40.50802997388188,80.58975010388188
985.72110167,40.1555897,40.46642042866121,80.6220101286612
986.12039045,40.28109352,40.468530989911464,80.74962450991146
986.51964064,40.44531074,40.54070046674546,80.98601120674546
986.9188522,40.55140211,40.58778843817421,81.13919054817421
987.31802514,40.66703159,40.65957731368936,81.32660890368936
987.71715942,40.69727212,40.693818593944236,81.39109071394424
988.11625502,40.7615786,40.767027309566636,81.52860590956664
988.51531193,40.90505152,40.80405173972097,81.70910325972096
988.91433014,41.02883866,40.91417549140666,81.94301415140666
989.31330961,41.19453579,40.89045829405065,82.08499408405066
989.71225033,41.29076208,40.85268397460713,82.14344605460713
990.11115229,41.45816274,40.981534604045315,82.43969734404531
990.51001546,41.52329583,41.04950098394082,82.57279681394081
990.90883982,41.58414275,41.029161508268174,82.61330425826817
991.30762535,41.70862407,41.16569868700821,82.8743227570082
991.70637204,41.6721734,41.120660739614245,82.79283413961424
992.10507987,41.6281502,41.148555727080144,82.77670592708014
992.50374881,41.5832528,41.19387078702793,82.77712358702793
992.90237886,41.55126122,41.25277965235548,82.80404087235547
993.30096998,41.65478146,41.30025274663976,82.95503420663977
993.69952216,41.68006357,41.28521821348742,82.96528178348743
994.09803538,41.63374104,41.1194701318474,82.7532111718474
994.49650962,41.64816709,41.0940446243017,82.7422117143017
994.89494487,41.56254318,40.97822606818297,82.54076924818297
995.2933411,41.37951941,40.90178827714013,82.28130768714013
995.6916983,41.35770559,40.79546806672019,82.15317365672018
996.09001644,41.3253547,40.64066750078239,81.96602220078239
996.4882955,41.29075528,40.64771052339672,81.93846580339672
996.88653548,41.16696907,40.574920294165125,81.74188936416513
997.28473634,41.04613149,40.49088269548819,81.53701418548819
997.68289807,41.11126603,40.623552770308315,81.73481880030832
998.08102066,40.9309295,40.486213175672866,81.41714267567286
998.47910407,40.89337877,40.48326791514209,81.37664668514209
998.87714829,40.78789993,40.40273307501683,81.19063300501683
999.27515331,40.75639883,40.34169728782579,81.09809611782579
999.6731191,40.60113136,40.30565354982566,80.90678490982566
1000.07104565,40.5507084,40.13106294085221,80.68177134085221
1000.46893293,40.54578234,40.12006941342241,80.6658517534224
1000.86678093,40.5161796,40.00637426179846,80.52255386179846
1001.26458963,40.44003896,39.925278102161585,80.36531706216158
1001.66235901,40.33256107,39.790456545958996,80.12301761595899
1002.06008904,40.13090734,39.796232990312326,79.92714033031233
1002.45777972,39.95456917,39.697321095230656,79.65189026523066
1002.85543101,39.99056307,39.53087091860359,79.52143398860359
1003.25304291,39.71651814,39.49012167036799,79.20663981036799
1003.65061539,39.80053499,39.496767428505166,79.29730241850517
1004.04814844,39.91116536,39.75932132046996,79.67048668046996
1004.44564203,39.85875313,39.78902046728432,79.64777359728431
1004.84309615,40.00284718,39.76968932640595,79.77253650640596
1005.24051077,40.23614564,39.84996752832446,80.08611316832446
1005.63788588,40.00975756,39.57141802984747,79.58117558984748
1006.03522146,40.11177491,39.6958647002498,79.8076396102498
1006.43251749,40.25085068,40.06441477448617,80.31526545448617
1006.82977395,40.44916392,39.95152334392862,80.40068726392862
1007.22699082,40.4362696,39.853405482474166,80.28967508247416
1007.62416809,40.74169126,40.038668384168346,80.78035964416836
1008.02130573,40.81552208,39.77473743488572,80.59025951488573
1008.41840372,41.01500879,40.041593444063324,81.05660223406332
1008.81546205,40.99865548,40.01844698525544,81.01710246525543
1009.21248069,41.07211171,39.8208904864573,80.8930021964573
1009.60945963,41.45311733,40.25562330005814,81.70874063005814
1010.00639885,41.47511998,40.13529640667029,81.6104163866703
1010.40329832,41.79205498,40.411915824034416,82.20397080403441
1010.80015804,42.14893731,41.0096614235525,83.15859873355251
1011.19697798,42.3600022,41.063365834618764,83.42336803461876
1011.59375812,42.53977273,41.013210686960626,83.55298341696063
1011.99049844,43.1891354,41.059690526024305,84.2488259260243
1012.38719893,43.63834555,41.47403696608798,85.11238251608798
1012.78385955,43.87532013,41.82606327521554,85.70138340521554
1013.18048031,43.99896867,41.818084788303224,85.81705345830322
1013.57706117,44.12649596,42.123828890909074,86.25032485090907
1013.97360212,44.53955543,42.596550105259304,87.1361055352593
1014.37010314,44.95642235,42.77762856973562,87.73405091973561
1014.7665642,45.39715939,42.92927886982909,88.32643825982909
1015.1629853,45.69300262,43.48689587103225,89.17989849103225
1015.55936641,46.26516102,43.70083848542112,89.96599950542112
1015.95570751,46.17154997,43.53508633439027,89.70663630439027
1016.35200858,46.49196957,43.22100571556201,89.71297528556201
1016.7482696,47.0155193,43.41115624322794,90.42667554322794
1017.14449056,47.15999575,43.41050277684898,90.57049852684898
1017.54067144,47.04624733,43.23712106702447,90.28336839702447
1017.93681221,47.70708283,43.794031530505194,91.5011143605052
1018.33291286,47.79327107,43.864651038649065,91.65792210864907
1018.72897337,48.22383761,43.520194543539006,91.744032153539
1019.12499372,48.56807168,43.94915393650063,92.51722561650064
1019.52097388,49.63457261,44.792637358077066,94.42720996807707
1019.91691385,50.06879945,44.79415474075076,94.86295419075077
1020.3128136,50.15980447,45.95364027954763,96.11344474954763
