wavelength,reflectance
350.60193709,70.85653761634546
351.03772818,71.47953728827387
351.47350942,71.44485082093829
351.90928082,71.66181944609086
352.34504234,71.51969300350113
352.78079397,71.40390252452796
353.21653569,71.45772848528102
353.65226748,71.46773191752924
354.08798932,71.45025325120751
354.5237012,71.51928866789493
354.95940309,71.42603202618452
355.39509497,71.40972715668043
355.83077683,71.056303056617
356.26644864,70.8381552112316
356.70211039,71.18657921203152
357.13776206,71.1784087521541
357.57340363,71.12858202123556
358.00903508,70.63123801785666
358.44465639,71.03250020394059
358.88026755,71.00216145547743
359.31586852,71.1264780039953
359.7514593,71.19828970138329
360.18703986,71.3916280084642
360.62261019,70.93348875788162
361.05817026,70.73546219205731
361.49372007,70.7131257847346
361.92925958,70.72643097656545
362.36478878,70.62719259713884
362.80030765,70.42388266204685
363.23581617,70.57762825121958
363.67131432,70.71693323401122
364.10680209,70.77436217564988
364.54227945,70.6169439947091
364.97774638,70.53916531470607
365.41320287,70.71048846595264
365.8486489,70.5025594864473
366.28408445,70.08033511089556
366.71950949,69.96079134440761
367.15492401,69.96832871002306
367.590328,69.99513195332823
368.02572142,70.00792054885953
368.46110427,69.95124564894185
368.89647652,70.21275750509295
369.33183815,70.1693983391716
369.76718915,70.20535783117133
370.2025295,69.93837689915821
370.63785917,69.73468253864706
371.07317815,69.68668711811877
371.50848642,69.85741956439888
371.94378395,69.67720197460547
372.37907074,69.47891314280145
372.81434676,69.23389678206703
373.24961199,69.26677564880282
373.68486642,68.85406205804043
374.12011002,69.1338252665329
374.55534277,69.1865494981121
374.99056467,69.07365544890867
375.42577567,69.41093528681252
375.86097578,69.37330190157543
376.29616497,69.36426656229072
376.73134321,69.45882644880332
377.1665105,69.08836014806147
377.6016668,69.47532981204716
378.03681211,69.38383255692565
378.47194641,69.46151107283526
378.90706966,69.38930927353263
379.34218187,69.76890650722194
379.777283,70.47917897074102
380.21237303,70.13592312334762
380.64745196,70.02516052860668
381.08251975,70.12392737371125
381.5175764,70.22897497460663
381.95262187,70.52220230338233
382.38765616,70.39738545371618
382.82267924,70.27999608565571
383.25769109,70.25440277447031
383.6926917,69.95764685602218
384.12768105,70.1651055239256
384.56265911,70.11093715917511
384.99762586,70.005791969725
385.4325813,70.00184187028903
385.8675254,70.30145119734756
386.30245813,70.65874828735544
386.73737949,70.43448176363013
387.17228945,70.48761749393196
387.60718799,69.90301262882168
388.04207509,69.8349534850075
388.47695074,70.44967890069805
388.91181492,70.23573978091862
389.3466676,70.06495581418432
389.78150877,70.332033461725
390.21633841,69.67701940948244
390.6511565,69.56121465036023
391.08596302,69.18257689272023
391.52075795,69.3514445773361
391.95554127,69.22831828384395
392.39031297,69.1765594564971
392.82507302,68.91162433572127
393.2598214,68.40927769588912
393.6945581,68.63888939673289
394.1292831,68.38075751076563
394.56399638,68.14653559471682
394.99869791,68.05794247526669
395.43338769,67.88117988738946
395.86806568,67.78577790987461
396.30273188,67.81376647803054
396.73738625,67.55813485967934
397.1720288,67.36932177397193
397.60665948,67.01818508953481
398.04127829,66.90349034556127
398.47588521,66.4371704173735
398.91048022,65.81977903654852
399.34506329,65.09392077178659
399.77963441,64.3514514929728
400.21419356,63.39115893623137
400.64874072,62.30099660730132
401.08327588,61.404020762915565
401.517799,60.06673018895338
401.95231008,58.60910886409718
402.3868091,56.99329924569394
402.82129603,55.20624651939655
403.25577086,53.047352391001255
403.69023356,51.10369389482828
404.12468412,48.909211131248796
404.55912252,46.71559926778209
404.99354874,44.44006363693915
405.42796276,42.042591034685465
405.86236457,39.86855992903676
406.29675414,37.82339560652841
406.73113145,36.008463810128475
407.16549648,34.19219392762599
407.59984922,32.56806518511696
408.03418965,30.862284795794665
408.46851774,29.36296319260703
408.90283349,27.953377635911764
409.33713686,26.67182244304514
409.77142784,25.44396310374229
410.20570642,24.359016758580328
410.63997256,23.34292972540639
411.07422626,22.50081582247373
411.50846749,21.68597459949998
411.94269624,21.02369102693601
412.37691248,20.444919884263815
412.81111621,19.911045627958835
413.24530738,19.397021721719362
413.679486,19.019212532272476
414.11365204,18.628450158614836
414.54780547,18.281589669355295
414.98194629,17.959288236005218
415.41607447,17.633196680260895
415.85018999,17.355410085372554
416.28429284,17.1001222948133
416.71838299,16.91029212900074
417.15246043,16.710473015295317
417.58652514,16.560971899425088
418.02057709,16.42794092794398
418.45461627,16.285306699766057
418.88864266,16.183585321657564
419.32265625,16.08895479204862
419.756657,15.9694970029306
420.19064491,15.862633149909643
420.62461995,15.74416701284553
421.0585821,15.632079150890654
421.49253135,15.54516346666476
421.92646768,15.445915211087941
422.36039106,15.38866091706933
422.79430148,15.353345903921957
423.22819892,15.350232078841914
423.66208336,15.370304853004322
424.09595478,15.42516945569971
424.52981316,15.465458109562832
424.96365849,15.514596620110515
425.39749074,15.573644511885112
425.83130989,15.579295728441101
426.26511593,15.580071016923783
426.69890883,15.562332356239349
427.13268858,15.559997116263313
427.56645516,15.556989273951965
428.00020855,15.572617911138325
428.43394873,15.618429082632238
428.86767568,15.66002478700883
429.30138939,15.728643824833798
429.73508982,15.810322946990476
430.16877697,15.841423430117423
430.60245081,15.870039337903133
431.03611133,15.869565372830388
431.46975851,15.842303669201403
431.90339232,15.822916060094556
432.33701276,15.787585477516874
432.77061979,15.749591214169506
433.2042134,15.736032967166375
433.63779357,15.739889612046985
434.07136029,15.76808920291909
434.50491352,15.833964552657688
434.93845327,15.914560782726728
435.37197949,15.998700853098986
435.80549219,16.086667623261544
436.23899132,16.16051800829448
436.67247689,16.221852920438778
437.10594887,16.26905313601292
437.53940723,16.28467485577524
437.97285197,16.288794346477466
438.40628306,16.274561177833768
438.83970048,16.252516111294575
439.27310421,16.261804202883
439.70649424,16.286241770407774
440.13987054,16.32515249597466
440.5732331,16.370678730619442
441.00658189,16.418022199177717
441.4399169,16.449083357595715
441.87323811,16.43864493899182
442.30654551,16.425123776956042
442.73983906,16.387096462190748
443.17311875,16.30927365430986
443.60638457,16.243742276120273
444.03963649,16.166073957521405
444.47287449,16.100295982108445
444.90609856,16.049379621130367
445.33930868,16.013115169527072
445.77250482,15.98417633657106
446.20568697,15.973140479723051
446.63885511,15.97258469543613
447.07200922,15.980205856323272
447.50514928,15.991873282598416
447.93827527,15.982950400412882
448.37138718,15.970467403522953
448.80448497,15.95635331291725
449.23756865,15.904301049262816
449.67063818,15.845962682826743
450.10369354,15.776997457077279
450.53673472,15.68757561451417
450.9697617,15.604371398236333
451.40277446,15.532772912856325
451.83577298,15.473415659171721
452.26875725,15.434164265068114
452.70172723,15.395577726587087
453.13468291,15.36217235487001
453.56762428,15.330095593124428
454.00055132,15.295763994953536
454.433464,15.251908712236082
454.8663623,15.215041538600808
455.29924622,15.186656294260896
455.73211572,15.156793105293012
456.16497079,15.121002391641953
456.59781142,15.108741181762582
457.03063757,15.097238283852272
457.46344923,15.102428665342662
457.89624639,15.115051418505464
458.32902903,15.142447422502517
458.76179711,15.178602456049617
459.19455064,15.22942331332269
459.62728958,15.280053764916822
460.06001392,15.354926433636026
460.49272363,15.42887923789342
460.92541871,15.520927002930813
461.35809913,15.633788252298922
461.79076486,15.751031005453852
462.22341591,15.861585468392851
462.65605223,15.973827489186254
463.08867382,16.09046690738713
463.52128065,16.210853629205925
463.95387271,16.342295229596072
464.38644998,16.48018446564399
464.81901243,16.614436976957524
465.25156005,16.759310856333787
465.68409283,16.912865156198777
466.11661073,17.08087276835941
466.54911374,17.255110543098887
466.98160185,17.452387190268666
467.41407503,17.662981462468153
467.84653327,17.88133165869479
468.27897654,18.094600637587035
468.71140483,18.31413518042029
469.14381811,18.532763543155767
469.57621637,18.74107702236094
470.0085996,18.939486875397133
470.44096776,19.130275964655834
470.87332084,19.311757560186795
471.30565882,19.472479686688747
471.73798169,19.627641716776886
472.17028942,19.784619471755015
472.602582,19.934710687511004
473.0348594,20.09541441758193
473.4671216,20.238840369556385
473.8993686,20.394015178358952
474.33160036,20.5556001899867
474.76381687,20.72763755474278
475.19601811,20.918025166513598
475.62820407,21.13662751988872
476.06037471,21.3648679593588
476.49253003,21.60562206952012
476.92467,21.843671148294458
477.35679461,22.069699644228873
477.78890383,22.28593772803478
478.22099765,22.48902674945742
478.65307605,22.66312410354606
479.085139,22.833898207419512
479.5171865,22.98488387048375
479.94921851,23.14556679848033
480.38123503,23.301611363952617
480.81323602,23.459690082143933
481.24522149,23.651394809931542
481.67719139,23.846753394435016
482.10914572,24.05160384040348
482.54108446,24.260932161905597
482.97300758,24.48341919834576
483.40491507,24.694996833128993
483.83680691,24.905210311753223
484.26868308,25.093590031714864
484.70054356,25.282045399801255
485.13238833,25.430219717535085
485.56421738,25.537246719177993
485.99603067,25.630766850437066
486.4278282,25.691057532459922
486.85960995,25.743936560830036
487.29137589,25.7761472739487
487.72312601,25.785842094677747
488.15486029,25.79747931705457
488.5865787,25.807680849093813
489.01828124,25.82592563030347
489.44996788,25.87757715166185
489.8816386,25.942722792076538
490.31329338,26.048136928037067
490.7449322,26.181374557952214
491.17655505,26.33351399027373
491.6081619,26.499076805951756
492.03975274,26.65933630476717
492.47132755,26.80305778362477
492.90288631,26.932686020680435
493.33442899,27.01908091435398
493.76595559,27.07484748432829
494.19746607,27.100353689807687
494.62896043,27.08956404786062
495.06043864,27.084944867427065
495.49190069,27.08892610552303
495.92334655,27.102863237140046
496.3547762,27.142894686183446
496.78618963,27.225669622562346
497.21758682,27.329632995942948
497.64896774,27.472131780373704
498.08033239,27.63393494007758
498.51168074,27.823275373755536
498.94301276,28.03325344993586
499.37432845,28.249539835594597
499.80562778,28.462779454276898
500.23691074,28.669232510909243
500.6681773,28.87207765545944
501.09942745,29.06645378224953
501.53066116,29.233219806147655
501.96187842,29.379792949428822
502.39307921,29.513164419120727
502.82426351,29.6206179342932
503.2554313,29.724167633750035
503.68658256,29.81513892015506
504.11771727,29.91486517464448
504.54883542,30.02718057361315
504.97993698,30.16781050749662
505.41102193,30.349697792638796
505.84209026,30.559978169862426
506.27314195,30.81748841225837
506.70417698,31.111820019176513
507.13519532,31.422293341555473
507.56619696,31.755696794517316
507.99718189,32.108961142516414
508.42815007,32.44955023157707
508.8591015,32.7699244613975
509.29003615,33.05859543694622
509.72095401,33.32168955548308
510.15185505,33.542202499941475
510.58273926,33.742304643683326
511.01360661,33.92698805170284
511.44445709,34.09685891502122
511.87529069,34.28559728454318
512.30610737,34.48675683680123
512.73690712,34.70816699922608
513.16768992,34.97126703618916
513.59845576,35.24336599839305
514.02920461,35.52855077922168
514.45993645,35.84252161855697
514.89065127,36.16346371818951
515.32134905,36.48540071742549
515.75202976,36.80369709000103
516.18269339,37.12621977695115
516.61333992,37.4154931765
517.04396933,37.69415799664072
517.4745816,37.948994926294034
517.90517671,38.177802058257335
518.33575465,38.38527730825101
518.76631539,38.57323732600663
519.19685891,38.74327554422202
519.6273852,38.90256363710469
520.05789424,39.05809704634886
520.488386,39.232776095605814
520.91886048,39.41458923877127
521.34931764,39.617611947123194
521.77975747,39.85017682475536
522.21017995,40.11912981618242
522.64058507,40.42536227107792
523.07097279,40.77258995793907
523.50134312,41.16644831803451
523.93169601,41.598301344592684
524.36203147,42.05561084388405
524.79234945,42.54225872118766
525.22264996,43.00694317579381
525.65293297,43.488687032040886
526.08319845,43.94794364992077
526.5134464,44.380760279098496
526.94367678,44.81699749178274
527.37388959,45.25190909988844
527.8040848,45.668070365668065
528.2342624,46.08370954080503
528.66442236,46.51393432629416
529.09456467,46.96202849519526
529.5246893,47.427631251583605
529.95479624,47.93007921576033
530.38488547,48.45219759120458
530.81495697,48.99183015407394
531.24501072,49.55370697200276
531.67504671,50.131355055880945
532.1050649,50.72504070696574
532.53506529,51.31534924959269
532.96504785,51.89040239236083
533.39501257,52.45809787822508
533.82495942,53.001264706874196
534.25488839,53.52598702988874
534.68479946,54.027694640270376
535.11469261,54.51118940203615
535.54456782,54.965374217208485
535.97442507,55.3913631086114
536.40426434,55.78594404928455
536.83408561,56.14375166563656
537.26388887,56.474930929158326
537.69367409,56.7798022456716
538.12344125,57.06553097609458
538.55319035,57.35753077393754
538.98292135,57.61793283524764
539.41263423,57.871377035234
539.84232899,58.13341721055217
540.2720056,58.39242516439313
540.70166404,58.63429100646882
541.13130429,58.88580152363619
541.56092633,59.141840643798375
541.99053015,59.383689028764344
542.42011572,59.63053787703036
542.84968303,59.86292941498232
543.27923205,60.09081164532687
543.70876277,60.314904262239686
544.13827517,60.53571250166605
544.56776923,60.74626869352068
544.99724493,60.956097722445676
545.42670225,61.157851828744924
545.85614117,61.36100481265303
546.28556168,61.56938444067152
546.71496375,61.79189801585617
547.14434736,62.02892036678997
547.5737125,62.275949442765366
548.00305915,62.53694607325948
548.43238728,62.8110340560873
548.86169688,63.08406425857551
549.29098794,63.40077215025672
549.72026042,63.72045320924576
550.14951431,64.05536978672708
550.5787496,64.40371319076613
551.00796626,64.73700948495129
551.43716427,65.07772979023092
551.86634362,65.42522543319994
552.29550429,65.76746359776615
552.72464625,66.11589283479411
553.15376949,66.44514303811296
553.58287399,66.763535315289
554.01195973,67.06147850500344
554.44102669,67.34117734569753
554.87007485,67.59350120157032
555.29910419,67.82565137327282
555.7281147,68.0182236614223
556.15710635,68.18943781648957
556.58607912,68.30121556677358
557.015033,68.40481001006897
557.44396797,68.45767271528801
557.87288401,68.50227165117863
558.3017811,68.50843038516189
558.73065921,68.49695498680472
559.15951834,68.46694827632331
559.58835846,68.43054246271842
560.01717955,68.36022779473915
560.4459816,68.27239093426176
560.87476458,68.17688623619367
561.30352847,68.07968137296142
561.73227326,67.95938108856798
562.16099893,67.83894878588231
562.58970546,67.68845010389323
563.01839282,67.55013565021528
563.44706101,67.41579135321123
563.87571,67.2787200227779
564.30433977,67.18620371192442
564.7329503,67.0813480740914
565.16154157,67.00069308097744
565.59011358,66.9533765927287
566.01866628,66.9259693108249
566.44719967,66.91299431351678
566.87571373,66.92361320030503
567.30420844,66.96338909073599
567.73268378,67.01728637038427
568.16113973,67.10029376257437
568.58957627,67.18205906485903
569.01799338,67.29127866645103
569.44639105,67.42616166846054
569.87476924,67.59557908292537
570.30312796,67.74518502482032
570.73146717,67.93044944734315
571.15978685,68.11815775597884
571.588087,68.32835101160049
572.01636758,68.53411230275702
572.44462858,68.75288602774314
572.87286998,68.97141920100447
573.30109177,69.19066071985279
573.72929391,69.41031123813976
574.1574764,69.62053896410731
574.58563922,69.80119474828952
575.01378234,69.986988044008
575.44190574,70.14821917135899
575.87000941,70.30568906592875
576.29809333,70.4234312672176
576.72615748,70.52412102452575
577.15420184,70.59288601561764
577.58222639,70.62530818420878
578.01023111,70.65004198225269
578.43821598,70.64334366443376
578.86618099,70.60968154728567
579.29412611,70.54791287626523
579.72205133,70.48575311712891
580.14995662,70.40571624738153
580.57784197,70.30408903972084
581.00570736,70.18659906617744
581.43355276,70.02653836429683
581.86137817,69.89223281549243
582.28918356,69.71653053311826
582.7169689,69.51170790245865
583.1447342,69.29397943167176
583.57247941,69.08273879600196
584.00020453,68.84676290592571
584.42790954,68.60703475951735
584.85559441,68.33891953060024
585.28325913,68.08279284827171
585.71090368,67.82348746849321
586.13852803,67.55982860294034
586.56613218,67.3084073838912
586.9937161,67.05808130413853
587.42127977,66.81813773632875
587.84882317,66.59949383851902
588.27634629,66.38635440366295
588.7038491,66.18877116962621
589.13133159,65.99299379144657
589.55879373,65.81889617833899
589.98623551,65.63734619817126
590.41365691,65.47394190416522
590.84105791,65.32090378225129
591.26843849,65.16731883203661
591.69579863,65.02100838635253
592.12313831,64.8877183057348
592.55045752,64.77010014837576
592.97775623,64.65459821159718
593.40503442,64.54295609450705
593.83229208,64.45226334977916
594.25952919,64.36001837143898
594.68674573,64.30098546972502
595.11394167,64.23376555089737
595.541117,64.17966524683924
595.96827171,64.14880530847994
596.39540576,64.12534666479603
596.82251915,64.10410434544579
597.24961185,64.10308560502716
597.67668385,64.0912168996763
598.10373512,64.09032516099329
598.53076564,64.07998963994424
598.95777541,64.07672291347417
599.38476439,64.08060320493827
599.81173257,64.07505214852507
600.23867993,64.06837882882884
600.66560645,64.05443943549261
601.09251211,64.0264035269406
601.5193969,63.987429623713226
601.94626078,63.953612600869505
602.37310376,63.90249297910395
602.7999258,63.83970017736006
603.22672688,63.77160797580206
603.65350699,63.69140479058191
604.08026611,63.59762096471249
604.50700422,63.487536767030136
604.9337213,63.37506994697168
605.36041733,63.23822805787833
605.78709229,63.07825527198491
606.21374616,62.89163677250876
606.64037893,62.68890774093616
607.06699057,62.4653540689022
607.49358107,62.2327494805716
607.9201504,61.969274413523365
608.34669856,61.68213811632563
608.77322551,61.394095598130846
609.19973124,61.072854686857994
609.62621572,60.74040591943978
610.05267896,60.39243529219943
610.47912091,60.02895129296451
610.90554156,59.660987504918516
611.3319409,59.28327398781677
611.75831891,58.90729995305211
612.18467556,58.51909679994477
612.61101083,58.11629733136184
613.03732472,57.709833835513145
613.46361719,57.30662396255045
613.88988823,56.88892567828033
614.31613782,56.47281748811651
614.74236595,56.063066456536276
615.16857258,55.648353314748114
615.59475771,55.24394426974811
616.02092131,54.845299687189346
616.44706337,54.459602587245385
616.87318386,54.084184653866785
617.29928278,53.71986509642383
617.72536008,53.368789061832125
618.15141577,53.02276011655547
618.57744982,52.697825801762924
619.0034622,52.395506178388445
619.42945291,52.11662409871465
619.85542192,51.85062569343859
620.28136922,51.60781908209054
620.70729478,51.38764741468476
621.13319858,51.18895564659984
621.55908061,51.0088006612551
621.98494085,50.83149390366051
622.41077927,50.66942622473873
622.83659587,50.511117358116955
623.26239061,50.36599070729825
623.68816348,50.22266186364791
624.11391447,50.08318137696247
624.53964355,49.95127202883913
624.9653507,49.80764320808049
625.39103591,49.66464351789472
625.81669915,49.527892932103434
626.24234041,49.3902408020678
626.66795966,49.248632866129014
627.09355689,49.109147235121505
627.51913209,48.96948424540766
627.94468522,48.823174090727996
628.37021627,48.68713505524622
628.79572523,48.545706737069075
629.22121207,48.40469232253241
629.64667677,48.265743193796204
630.07211931,48.11807012556105
630.49753969,47.96611862622247
630.92293786,47.822675035630326
631.34831383,47.668063778290275
631.77366756,47.50821464417463
632.19899905,47.33846571520428
632.62430826,47.1686043820215
633.04959519,47.00755023386391
633.4748598,46.84243317045796
633.90010209,46.67641342732059
634.32532203,46.51815544216794
634.75051961,46.37415805252479
635.17569481,46.24529847251495
635.6008476,46.14192486154017
636.02597797,46.059572222511825
636.45108589,46.00534075174465
636.87617136,45.97978103943522
637.30123435,45.981837286540966
637.72627483,46.01542421197899
638.15129281,46.091955128795135
638.57628824,46.184739778693505
639.00126112,46.30288751308268
639.42621142,46.45063135211486
639.85113913,46.617965366942755
640.27604422,46.81230825219195
640.70092669,47.01907381088594
641.1257865,47.24754395030956
641.55062364,47.479624856533086
641.97543809,47.72148877859728
642.40022983,47.96468334530332
642.82499885,48.213917760057875
643.24974512,48.4662653515904
643.67446862,48.72853908940266
644.09916934,48.992647043056
644.52384726,49.26590756578053
644.94850235,49.54714899452534
645.3731346,49.84063529496401
645.79774399,50.12885819737761
646.2223305,50.416833608614056
646.64689411,50.713466373897894
647.0714348,51.00951805067807
647.49595255,51.303062985242924
647.92044735,51.58815425539108
648.34491917,51.861016116836915
648.769368,52.1199064482708
649.19379381,52.366545466079536
649.61819659,52.57975695508882
650.04257632,52.781249474319196
650.46693298,52.960904486301935
650.89126655,53.10759272990209
651.31557701,53.22303628848461
651.73986434,53.32660419584927
652.16412852,53.40038967311681
652.58836954,53.44851526076945
653.01258737,53.476727451852746
653.436782,53.48605167285057
653.8609534,53.4868276112514
654.28510156,53.47121082861656
654.70922646,53.447129073416626
655.13332808,53.416240923800046
655.5574064,53.383924281446184
655.9814614,53.34007674619526
656.40549307,53.292251134380265
656.82950137,53.239305499989506
657.2534863,53.17482840298997
657.67744784,53.09732424521202
658.10138596,53.01156248439893
658.52530064,52.910722253007236
658.94919188,52.815594682947506
659.37305964,52.70729555726973
659.79690391,52.59128209120707
660.22072468,52.47110000126834
660.64452191,52.357500675615704
661.0682956,52.233361554904924
661.49204572,52.11123114099581
661.91577225,52.00204832947945
662.33947518,51.89941272747143
662.76315449,51.802514684572365
663.18681015,51.70383035876658
663.61044215,51.61908101893926
664.03405047,51.5510968385136
664.45763509,51.494691656340365
664.88119598,51.44592071961806
665.30473314,51.413286807396716
665.72824655,51.399900521302726
666.15173617,51.40266945884022
666.575202,51.41866153447525
666.99864402,51.437787281583
667.4220622,51.46763350882339
667.84545653,51.504451172180026
668.26882699,51.55712899616276
668.69217355,51.61487391710942
669.11549621,51.68683479970211
669.53879494,51.779223961896115
669.96206971,51.86883892925955
670.38532052,51.96884538469788
670.80854735,52.083582085846885
671.23175017,52.2028554902235
671.65492896,52.32878300796154
672.07808371,52.44922222839466
672.5012144,52.57832706106203
672.92432101,52.69875078068601
673.34740351,52.82588525450423
673.7704619,52.930603462097814
674.19349615,53.04869707059005
674.61650623,53.16974550373984
675.03949215,53.263619113536315
675.46245386,53.354843066218386
675.88539136,53.44803384166292
676.30830463,53.544958805696886
676.73119364,53.63492142445652
677.15405838,53.714856176152466
677.57689882,53.79292093827377
677.99971496,53.86892988487152
678.42250677,53.93532066484211
678.84527423,53.98939769899688
679.26801732,54.034611820266065
679.69073602,54.06881434373256
680.11343032,54.09913079942997
680.53610019,54.11830351906141
680.95874562,54.128509097571616
681.38136658,54.122775222155276
681.80396307,54.114431270671254
682.22653505,54.10181781648479
682.64908251,54.06501370852939
683.07160543,54.03143021977362
683.49410379,53.99076993124691
683.91657758,53.95518392118924
684.33902677,53.919937310106356
684.76145134,53.88496072396093
685.18385128,53.85045533858614
685.60622656,53.81749532093413
686.02857717,53.79335105122498
686.45090309,53.77134390240309
686.8732043,53.75921648797482
687.29548077,53.74172011028764
687.7177325,53.72811903808449
688.13995946,53.72294332470973
688.56216163,53.72541569073659
688.98433899,53.7231722243625
689.40649153,53.71850094536515
689.82861923,53.712852060658406
690.25072206,53.71329460210063
690.67280001,53.710854325424215
691.09485305,53.70302009887357
691.51688118,53.68870772361982
691.93888436,53.67465057463131
692.36086259,53.65624953797205
692.78281583,53.64364135977653
693.20474408,53.63944765223774
693.62664732,53.63259197456386
694.04852552,53.63437964821967
694.47037866,53.65174219094341
694.89220673,53.667023758151025
695.31400971,53.68101704921583
695.73578757,53.71010471865931
696.15754031,53.74427762907463
696.57926789,53.79029286138662
697.00097031,53.83582844615233
697.42264753,53.88952590327945
697.84429955,53.953668242401335
698.26592635,54.02964064833446
698.6875279,54.101607285251276
699.10910418,54.18009114192444
699.53065518,54.2508874734563
699.95218088,54.328894451712614
700.37368126,54.40984881079339
700.7951563,54.48890067363293
701.21660597,54.57107905880711
701.63803027,54.6502059787538
702.05942917,54.73745165747499
702.48080265,54.820537417610005
702.9021507,54.904202997878826
703.32347329,54.98436552077049
703.74477041,55.05699441371596
704.16604204,55.1205426255626
704.58728815,55.19369051305428
705.00850873,55.26208444815542
705.42970376,55.331571716018075
705.85087322,55.405203232774355
706.2720171,55.462139809106425
706.69313536,55.52376022128836
707.114228,55.578256300033196
707.53529499,55.62323270838848
707.95633632,55.67344098095557
708.37735196,55.72557776858189
708.7983419,55.77584827726748
709.21930612,55.821583474791886
709.6402446,55.867212891668046
710.06115731,55.89822344215221
710.48204425,55.932337681840366
710.90290539,55.96022793518886
711.32374071,55.97336510827762
711.7445502,55.99706805760665
712.16533383,56.00682901744446
712.58609158,56.03353548171918
713.00682344,56.059608075514404
713.42752939,56.08336454821185
713.84820941,56.10490945000336
714.26886347,56.13542305299825
714.68949157,56.15643203104599
715.11009368,56.18272097914985
715.53066977,56.218044148035126
715.95121984,56.2475036234981
716.37174387,56.27266107732131
716.79224183,56.31260106426868
717.2127137,56.35712950661549
717.63315947,56.40634483388093
718.05357912,56.460563004670355
718.47397263,56.52111976228515
718.89433997,56.58282508181463
719.31468114,56.64953120500056
719.7349961,56.72116927836259
720.15528485,56.78864510660447
720.57554736,56.866788875886336
720.99578362,56.94526217008458
721.4159936,57.0126032509575
721.83617729,57.08931029182791
722.25633466,57.16381445393091
722.6764657,57.22846280875099
723.09657039,57.31086275477038
723.51664871,57.37388088614337
723.93670063,57.43367763299488
724.35672615,57.50196864352605
724.77672524,57.56155797817673
725.19669789,57.627399298549875
725.61664407,57.6564271542095
726.03656376,57.684332771970396
726.45645695,57.70474045954241
726.87632362,57.72162747960835
727.29616374,57.7222165954537
727.7159773,57.71349563547631
728.13576429,57.703107727133705
728.55552467,57.67969170464641
728.97525843,57.6487008134646
729.39496556,57.616560920941566
729.81464603,57.574988986789066
730.23429983,57.53411151271641
730.65392692,57.480013001197214
731.07352731,57.41912447842972
731.49310096,57.34911530761924
731.91264786,57.26561996072374
732.33216799,57.196026161919534
732.75166133,57.12532264110309
733.17112786,57.060182128139914
733.59056756,56.99118169623899
734.00998042,56.923607307259765
734.4293664,56.87065866140154
734.8487255,56.81283830906579
735.2680577,56.75900752814912
735.68736298,56.722427854617024
736.10664131,56.68654943322112
736.52589267,56.6682870145041
736.94511706,56.65538759313727
737.36431445,56.64396726871496
737.78348482,56.64087685709938
738.20262815,56.646150264158464
738.62174442,56.6794640952008
739.04083362,56.7161957133312
739.45989572,56.75615489668404
739.87893071,56.79700490647105
740.29793856,56.849606197276515
740.71691926,56.91140935340854
741.13587279,56.95997191418802
741.55479913,57.01781113755088
741.97369826,57.06833556321243
742.39257016,57.11684106438401
742.81141481,57.15349776385439
743.23023219,57.1905666406205
743.64902229,57.23449282552934
744.06778508,57.280132914002785
744.48652055,57.319108395454165
744.90522868,57.357337109197466
745.32390944,57.376018230564554
745.74256282,57.392163733293124
746.1611888,57.408871381058475
746.57978736,57.41685405114825
746.99835849,57.420923270057635
747.41690215,57.424748580087034
747.83541834,57.41726091098965
748.25390703,57.41917172978857
748.67236821,57.41875765941137
749.09080185,57.4115357703286
749.50920794,57.38806177350983
749.92758646,57.370240275342475
750.34593739,57.357439385323715
750.7642607,57.33455941327522
751.18255639,57.314032755128814
751.60082443,57.290688770467646
752.0190648,57.26053639288807
752.43727748,57.23988987550987
752.85546246,57.22641177912036
753.27361971,57.211212618336084
753.69174922,57.19616534911833
754.10985097,57.18976220542784
754.52792493,57.18314182746242
754.94597109,57.18674663099803
755.36398944,57.19611853226901
755.78197994,57.214144515388085
756.19994258,57.23639749555933
756.61787735,57.260763210009785
757.03578422,57.28039380583857
757.45366318,57.316654793757735
757.8715142,57.350072333997176
758.28933727,57.39422209754112
758.70713236,57.43599091846749
759.12489946,57.47624630181639
759.54263856,57.513047127529
759.96034962,57.55573252173408
760.37803263,57.58893135033474
760.79568758,57.633071821119486
761.21331443,57.65667948324393
761.63091318,57.67330653284899
762.04848381,57.690095450883454
762.46602629,57.70283987006369
762.88354061,57.71806035648983
763.30102674,57.72987968559413
763.71848468,57.742957131851306
764.13591439,57.746890867685224
764.55331586,57.74278389058094
764.97068908,57.74476991315541
765.38803401,57.747765240700765
765.80535065,57.73526103630446
766.22263898,57.71939696452488
766.63989896,57.7043680260422
767.0571306,57.687958871517075
767.47433386,57.66916008041706
767.89150873,57.648480509638254
768.30865518,57.622954844426744
768.72577321,57.59277379136042
769.14286278,57.56535436905395
769.55992389,57.53012505137194
769.97695651,57.50989520677344
770.39396062,57.47591744860891
770.81093621,57.441665972664715
771.22788325,57.41244127562939
771.64480173,57.37724042694569
772.06169163,57.341794665122684
772.47855292,57.31801953644295
772.89538559,57.28917773420744
773.31218962,57.265803558011356
773.72896499,57.24123683084238
774.14571169,57.238359176440426
774.56242968,57.23999968037405
774.97911896,57.25825490280152
775.3957795,57.30113238072234
775.81241129,57.32998800365637
776.22901431,57.36883647920249
776.64558853,57.431197220835486
777.06213394,57.496774525228105
777.47865052,57.58201936356218
777.89513825,57.66937896822572
778.3115971,57.765327147393755
778.72802708,57.87506284233193
779.14442814,57.99102466828648
779.56080028,58.12514175402142
779.97714347,58.2593960665164
780.39345769,58.39138291804756
780.80974294,58.54283476573343
781.22599918,58.68606065529131
781.6422264,58.83805247909018
782.05842457,58.98015347251547
782.47459369,59.11535733433887
782.89073373,59.22927051216007
783.30684467,59.344022431274055
783.72292649,59.44504961906846
784.13897918,59.54073401030859
784.55500271,59.625688617257595
784.97099707,59.708625539832376
785.38696224,59.782736255246135
785.80289819,59.834567574687206
786.21880491,59.87632534649069
786.63468238,59.92019171866184
787.05053057,59.94077123601332
787.46634949,59.957949590326336
787.88213909,59.95803147158557
788.29789936,59.942791803803054
788.71363029,59.947545222675245
789.12933186,59.93816743292274
789.54500404,59.90652123811361
789.96064681,59.87662529725824
790.37626017,59.835677223641206
790.79184408,59.788339585896374
791.20739853,59.740349772304754
791.62292351,59.69080149819579
792.03841898,59.64074231372818
792.45388494,59.57848147155074
792.86932136,59.514780928289994
793.28472822,59.44762307551157
793.70010551,59.361476586578625
794.11545321,59.28601039125352
794.53077129,59.206074115127976
794.94605974,59.112840202636036
795.36131853,59.01931078086006
795.77654766,58.93232649920842
796.1917471,58.83877555360364
796.60691683,58.75025035724989
797.02205683,58.64794627303835
797.43716709,58.544510649524554
797.85224758,58.42273119729967
798.26729829,58.307794964146595
798.68231919,58.20926723587397
799.09731027,58.10081901508099
799.5122715,57.99177008281113
799.92720288,57.894331506369696
800.34210438,57.78573736893925
800.75697597,57.68034531477107
801.17181765,57.588138434877536
801.58662939,57.486157345239896
802.00141118,57.39161014647885
802.41616299,57.32303499860828
802.8308848,57.26976455661531
803.2455766,57.213578841404406
803.66023837,57.174251730700746
804.07487008,57.12931196877767
804.48947173,57.11441488371186
804.90404329,57.104591976497204
805.31858473,57.10684526668507
805.73309605,57.12143418510389
806.14757722,57.150169478476855
806.56202823,57.18862059539129
806.97644905,57.23387782807191
807.39083966,57.28108841709557
807.80520005,57.338149221148804
808.2195302,57.403106942124246
808.63383009,57.458563114996615
809.0480997,57.52242875029204
809.46233901,57.59297755587753
809.87654799,57.65337102662109
810.29072665,57.7298422723345
810.70487494,57.8179963785843
811.11899286,57.8889860914667
811.53308038,57.94907962952587
811.94713749,58.00917137773083
812.36116416,58.068562553478905
812.77516039,58.11971874885291
813.18912614,58.17002967371479
813.6030614,58.20470294960925
814.01696615,58.24090155898724
814.43084037,58.27720804634476
814.84468405,58.30573925664082
815.25849716,58.302370977667174
815.67227968,58.28742863605264
816.0860316,58.27396195541428
816.49975289,58.249746244825886
816.91344354,58.22959727309371
817.32710353,58.19585731968255
817.74073284,58.154426372200895
818.15433144,58.098112148417314
818.56789933,58.03735583451336
818.98143648,57.967713631788634
819.39494287,57.891475266351016
819.80841849,57.807121466514154
820.2218633,57.71184236093068
820.63527731,57.6226776993682
821.04866048,57.526451375699985
821.4620128,57.430891809085836
821.87533424,57.3183279675973
822.2886248,57.20377219823732
822.70188444,57.097668168913536
823.11511316,56.98871067338686
823.52831093,56.87507094093857
823.94147773,56.76005475248893
824.35461354,56.64592348659863
824.76771835,56.53766024795776
825.18079213,56.41894153625845
825.59383487,56.28763089141342
826.00684655,56.150665505551
826.41982715,56.012890869041286
826.83277664,55.860321173237296
827.24569502,55.68653273824592
827.65858225,55.509307684832336
828.07143833,55.34385837754207
828.48426323,55.14894709344051
828.89705694,54.94817345471541
829.30981943,54.749381030696135
829.72255068,54.51869352642306
830.13525068,54.28742470377259
830.54791941,54.06731532217541
830.96055685,53.841524604661856
831.37316298,53.60957329004719
831.78573777,53.362072333356195
832.19828122,53.123584578270304
832.6107933,52.89253654976047
833.023274,52.672545909746134
833.43572328,52.451028727632874
833.84814115,52.2448430472085
834.26052757,52.04106629706169
834.67288252,51.85971138817662
835.08520599,51.676659676850164
835.49749796,51.5020136464261
835.90975842,51.33858039644994
836.32198733,51.16955190909937
836.73418468,51.01243397456983
837.14635046,50.87513615939051
837.55848463,50.73543074933137
837.9705872,50.59460790918218
838.38265813,50.47727924120349
838.7946974,50.372380737304894
839.206705,50.272391025200044
839.61868091,50.156654512344204
840.03062511,50.04959254339584
840.44253757,49.94174001172331
840.85441829,49.821767563991685
841.26626724,49.72232425276555
841.6780844,49.625418914649345
842.08986976,49.51910341512537
842.50162329,49.4165521645204
842.91334498,49.30155610697098
843.3250348,49.17590234591031
843.73669274,49.06789697095527
844.14831877,48.94519465083246
844.55991289,48.830123852222556
844.97147506,48.71921115380205
845.38300528,48.613975610554284
845.79450352,48.49258052460192
846.20596976,48.38596331139718
846.61740399,48.264294611823914
847.02880618,48.15246045296129
847.44017631,48.04371488001067
847.85151437,47.9438497407908
848.26282034,47.840540882340854
848.6740942,47.72344288993753
849.08533592,47.65573518949234
849.4965455,47.57680795010325
849.90772291,47.48209369360017
850.31886813,47.4056778727216
850.72998114,47.343647896033495
851.14106193,47.27399535322265
851.55211047,47.20372862228656
851.96312674,47.13062359927677
852.37411074,47.07175678191772
852.78506243,47.02494411502619
853.1959818,46.97413570094191
853.60686882,46.933036447579894
854.01772349,46.89515930480269
854.42854578,46.86042340159575
854.83933568,46.814035485527704
855.25009315,46.782150470459065
855.66081819,46.73566341591064
856.07151078,46.703407011661355
856.48217089,46.635951137743604
856.8927985,46.596681187776404
857.30339361,46.546029988273325
857.71395618,46.48075710462019
858.1244862,46.39332963060457
858.53498366,46.31850400171751
858.94544852,46.20840343317687
859.35588078,46.114312369665576
859.76628041,45.998785457355574
860.1766474,45.864907353591
860.58698172,45.73722362891493
860.99728335,45.59372965783611
861.40755229,45.43068647609941
861.8177885,45.23696313839052
862.22799197,45.02422065155949
862.63816268,44.817734972446104
863.04830061,44.583858707460465
863.45840574,44.312473982458016
863.86847805,44.03871744655012
864.27851753,43.74083796280304
864.68852415,43.431658111576745
865.0984979,43.10783267334898
865.50843876,42.768860040526576
865.9183467,42.422488631566864
866.32822171,42.05065542952781
866.73806377,41.678573541496576
867.14787286,41.28935783291493
867.55764895,40.909037678588994
867.96739205,40.51544168407796
868.37710211,40.12899800085763
868.78677913,39.72197284884418
869.19642308,39.33118984714627
869.60603395,38.929798825476325
870.01561171,38.53707316213616
870.42515635,38.14756617697234
870.83466785,37.76141498154883
871.24414619,37.365398503181325
871.65359135,36.987281661636075
872.06300331,36.59744080072906
872.47238206,36.22867742378062
872.88172756,35.871196460448594
873.29103981,35.51423363416707
873.70031878,35.16287833520613
874.10956446,34.82729872932088
874.51877683,34.46505770511365
874.92795586,34.13372007620223
875.33710155,33.796478311092805
875.74621386,33.472370796296765
876.15529278,33.16953540990655
876.5643383,32.854108490491065
876.97335038,32.54785500001822
877.38232902,32.262302079958346
877.79127419,31.960107052190022
878.20018588,31.672199417759934
878.60906407,31.395865169823182
879.01790873,31.130012577591803
879.42671984,30.854336209496076
879.8354974,30.58547529314751
880.24424138,30.324601056908318
880.65295176,30.070678807091085
881.06162852,29.823666156460195
881.47027164,29.58561335215324
881.8788811,29.349966017472575
882.28745689,29.119314602973336
882.69599898,28.884801199484585
883.10450736,28.66263166459929
883.51298201,28.446656144666463
883.92142291,28.24810211153144
884.32983003,28.060809097397197
884.73820337,27.880780266421134
885.14654289,27.710444009556802
885.55484859,27.545993967841152
885.96312043,27.383134975221136
886.37135842,27.228495408569298
886.77956251,27.08791126443268
887.18773271,26.973328639232445
887.59586898,26.876436347308786
888.0039713,26.77934505971708
888.41203966,26.68619752643336
888.82007405,26.60241600795117
889.22807443,26.54996708434127
889.63604079,26.489972151204327
890.04397312,26.42578163759535
890.45187139,26.39896221541633
890.85973558,26.373352180569754
891.26756568,26.350962542492145
891.67536166,26.351808455893668
892.08312351,26.368192515173718
892.49085121,26.39726296608363
892.89854473,26.430051133431576
893.30620407,26.4702404126944
893.71382919,26.518223003619006
894.12142009,26.572108546951664
894.52897673,26.63053398490363
894.93649911,26.68632304644228
895.34398721,26.7728675504598
895.751441,26.85942592074266
896.15886046,26.945529935025966
896.56624558,27.04178194300962
896.97359634,27.136292093056152
897.38091272,27.24804828473704
897.7881947,27.333174508190588
898.19544225,27.41998990741319
898.60265537,27.51866005003808
899.00983403,27.626002570698994
899.41697822,27.732384785587033
899.82408791,27.825509335533113
900.23116308,27.901462034447594
900.63820372,27.992994660368563
901.04520981,28.088406151910142
901.45218132,28.180502325017354
901.85911824,28.243929316841093
902.26602056,28.32730294585121
902.67288824,28.412889955821413
903.07972127,28.48443960617444
903.48651964,28.554813359016304
903.89328332,28.603481203050322
904.3000123,28.63766368535982
904.70670655,28.656586828842507
905.11336605,28.663919980987853
905.51999079,28.668222436464564
905.92658076,28.679043648837133
906.33313592,28.668928009131296
906.73965626,28.641818533085484
907.14614176,28.60925983753379
907.5525924,28.563103333296134
907.95900816,28.502569824647686
908.36538903,28.431725779704145
908.77173498,28.35228790939811
909.178046,28.25215766051595
909.58432207,28.15049507857894
909.99056316,28.02927148303102
910.39676926,27.925656697516732
910.80294035,27.81481439290985
911.20907641,27.692555169959757
911.61517742,27.546031263082476
912.02124336,27.391081537623148
912.42727422,27.23727484044419
912.83326996,27.072650261095387
913.23923059,26.898902871851547
913.64515607,26.70964223333455
914.05104638,26.516171231406567
914.45690152,26.327675853755334
914.86272145,26.126198594562016
915.26850616,25.918922630471858
915.67425563,25.708948245842272
916.07996984,25.482193125739393
916.48564877,25.26980736969836
916.89129241,25.03105588803131
917.29690073,24.805325713567196
917.70247372,24.579136693506342
918.10801135,24.343793618939117
918.51351361,24.095696287080386
918.91898047,23.855230831898876
919.32441193,23.61079160751631
919.72980795,23.35958085670192
920.13516853,23.12474652887879
920.54049363,22.87310556206373
920.94578325,22.630369825982733
921.35103736,22.385282964973626
921.75625595,22.148735342930433
922.16143899,21.91496422610687
922.56658647,21.671201910543303
922.97169836,21.43980983618781
923.37677465,21.1948940430937
923.78181532,20.96110136138552
924.18682035,20.74035479914142
924.59178972,20.52725423489915
924.99672341,20.31699172550871
925.40162141,20.10162742342396
925.80648369,19.90105672637044
926.21131023,19.6989893561443
926.61610102,19.496763233712013
927.02085603,19.296791412117642
927.42557525,19.09591569350207
927.83025866,18.913512771480608
928.23490624,18.728528547679375
928.63951796,18.550952584854713
929.04409382,18.38790476821311
929.44863379,18.23487298371328
929.85313785,18.07662030292372
930.25760599,17.920271292798347
930.66203818,17.770446835488723
931.06643441,17.617769161455264
931.47079465,17.48387830575445
931.87511889,17.358244663279557
932.27940711,17.24704623869007
932.68365929,17.113063399799348
933.0878754,17.000270061967747
933.49205544,16.89374380328041
933.89619938,16.784192334445468
934.30030721,16.686253474283358
934.70437889,16.579170921675615
935.10841442,16.481178094192536
935.51241378,16.385545841918873
935.91637694,16.303889506016365
936.3203039,16.20756596534441
936.72419462,16.131633911596527
937.12804908,16.04215342981904
937.53186728,15.978601978296101
937.93564919,15.91233777837286
938.3393948,15.850778686399495
938.74310407,15.798072531566028
939.146777,15.761396665148583
939.55041357,15.70361984418614
939.95401375,15.676607556618494
940.35757752,15.64896398618868
940.76110488,15.63094688022068
941.16459579,15.617665277350962
941.56805025,15.593239185545103
941.97146822,15.588989162331387
942.37484969,15.596007693250467
942.77819465,15.616503871936313
943.18150307,15.630961187802955
943.58477494,15.644544812807448
943.98801022,15.656416713324667
944.39120892,15.670500336964405
944.794371,15.682704969021122
945.19749645,15.716215384548407
945.60058525,15.751009475752731
946.00363738,15.79686311020023
946.40665282,15.85983891834753
946.80963155,15.914233253904902
947.21257356,15.971127374561654
947.61547881,16.043034316119584
948.0183473,16.116367854632756
948.42117901,16.196174016795528
948.82397391,16.276433221289246
949.22673199,16.341909598705634
949.62945323,16.427839449626656
950.03213761,16.50606380589547
950.43478511,16.587824578103735
950.8373957,16.643825705026988
951.23996938,16.73839002342225
951.64250613,16.809531901199318
952.04500591,16.912726074806564
952.44746872,17.00635035309598
952.84989454,17.103648168594805
953.25228334,17.202708717883255
953.65463511,17.29080492750266
954.05694983,17.378858377475908
954.45922747,17.465012012238304
954.86146803,17.53986848049748
955.26367148,17.5943198697094
955.6658378,17.681183654162375
956.06796697,17.78025175694763
956.47005898,17.863792432072874
956.8721138,17.970283209424647
957.27413142,18.059879542676885
957.67611181,18.14766790403203
958.07805496,18.239284833567428
958.47996085,18.302051253089147
958.88182946,18.365395562929457
959.28366077,18.394019474049323
959.68545476,18.452648688196156
960.08721142,18.492581734014497
960.48893071,18.522840620758252
960.89061263,18.551562859527365
961.29225716,18.58915083706463
961.69386427,18.626833407822026
962.09543395,18.670753652898252
962.49696617,18.678211596312455
962.89846092,18.729761657217235
963.29991819,18.796690215477064
963.70133794,18.8255905551975
964.10272017,18.843429301060077
964.50406485,18.881298276882653
964.90537196,18.90316678505219
965.30664148,18.889007640462292
965.7078734,18.846048316177402
966.1090677,18.845963805146063
966.51022435,18.859249993701056
966.91134334,18.856423391721453
967.31242465,18.876563946925252
967.71346826,18.886606331093862
968.11447415,18.87885817998554
968.5154423,18.866133661507334
968.9163727,18.855532594101977
969.31726532,18.81868099432435
969.71812014,18.800800046714983
970.11893715,18.80689847223613
970.51971632,18.750277086328186
970.92045764,18.733476791009398
971.32116109,18.72118262901762
971.72182665,18.749351577631366
972.1224543,18.719479018811256
972.52304402,18.71851830270542
972.92359579,18.710125682218344
973.32410959,18.724031551180985
973.72458541,18.719270089534092
974.12502322,18.741802652311684
974.52542301,18.728691900230096
974.92578475,18.757857748518294
975.32610843,18.751619874181582
975.72639403,18.703660530716057
976.12664153,18.70315406724823
976.52685091,18.723891171029095
976.92702215,18.718752914429825
977.32715523,18.723209212043432
977.72725014,18.73421980530268
978.12730685,18.782984858118194
978.52732534,18.82311444991432
978.9273056,18.81098460990226
979.3272476,18.84213734033254
979.72715134,18.823900631079333
980.12701678,18.82971723226353
980.52684391,18.842924994100535
980.92663271,18.83735346353663
981.32638316,18.847706429838492
981.72609525,18.857593149265515
982.12576895,18.868772761221543
982.52540424,18.87511629595346
982.92500111,18.925444927835972
983.32455953,18.91015085373304
983.72407949,18.941867476049413
984.12356097,18.95563742260117
984.52300394,19.043865831933456
984.9224084,19.04039579933066
985.32177431,19.058455788955595
985.72110167,19.061756856070744
986.12039045,19.11324354981299
986.51964064,19.16140525587318
986.9188522,19.191573920466357
987.31802514,19.205556408165847
987.71715942,19.19519681025496
988.11625502,19.29377765357496
988.51531193,19.279379125310694
988.91433014,19.2583818235768
989.31330961,19.258469860358353
989.71225033,19.275369195376996
990.11115229,19.313050521286538
990.51001546,19.35468120018427
990.90883982,19.305527481719817
991.30762535,19.36131361357757
991.70637204,19.386361767516682
992.10507987,19.434157767230804
992.50374881,19.50737736478251
992.90237886,19.534383643689157
993.30096998,19.63906768123667
993.69952216,19.794259779496812
994.09803538,19.866792784138028
994.49650962,19.960805329805762
994.89494487,20.060179196807372
995.2933411,20.121546289112263
995.6916983,20.293214465802105
996.09001644,20.331557364631387
996.4882955,20.382961086892475
996.88653548,20.499240994855775
997.28473634,20.66373420297932
997.68289807,20.76674000462622
998.08102066,20.95027845456163
998.47910407,20.98861057897258
998.87714829,21.118745136962907
999.27515331,21.277763599922704
999.6731191,21.425788995670935
1000.07104565,21.6006604672283
1000.46893293,21.777637200430462
1000.86678093,21.977372669504064
1001.26458963,22.334385993474413
1001.66235901,22.569273913865167
1002.06008904,22.804823135594347
1002.45777972,22.983244057104304
1002.85543101,23.11628914913755
1003.25304291,23.492481548370602
1003.65061539,23.758183680492905
1004.04814844,24.05373337761158
1004.44564203,24.462393022632906
1004.84309615,24.839271657056283
1005.24051077,25.17823668383818
1005.63788588,25.384740527681824
1006.03522146,25.61901784945447
1006.43251749,26.135017357104598
1006.82977395,26.534192512250307
1007.22699082,26.80795960109696
1007.62416809,27.231919649985844
1008.02130573,27.474831914146826
1008.41840372,28.11773818648919
1008.81546205,28.65677295299306
1009.21248069,29.03856540001385
1009.60945963,29.572582624899752
1010.00639885,30.29834910992461
1010.40329832,30.840822873639137
1010.80015804,31.51841049704601
1011.19697798,31.97128243584692
1011.59375812,32.46944762527956
1011.99049844,33.318592912935685
1012.38719893,34.0700467262584
1012.78385955,34.53320308849023
1013.18048031,35.132983104108504
1013.57706117,35.563403835716066
1013.97360212,36.419251433475324
1014.37010314,37.158387676363
1014.7665642,37.70019286831122
1015.1629853,38.30628782881308
1015.55936641,38.75562330645898
1015.95570751,39.334584212822584
1016.35200858,39.721429407034336
1016.7482696,39.87370786625949
1017.14449056,40.33593351987299
1017.54067144,40.775505267377234
1017.93681221,41.415678644025384
1018.33291286,41.82388775043538
1018.72897337,41.776184332632454
1019.12499372,42.33263467474214
1019.52097388,43.19267439455838
1019.91691385,43.814882058754506
1020.3128136,44.72876971227698
