wavelength,corrected_reflectance
350.60193709,
351.03772818,
351.47350942,
351.90928082,
352.34504234,
352.78079397,
353.21653569,
353.65226748,
354.08798932,55.341834540628554
354.5237012,55.572837404058
354.95940309,55.588378263942516
355.39509497,55.78828762807111
355.83077683,55.371286805442935
356.26644864,55.49514359008605
356.70211039,55.60738716861333
357.13776206,55.92515474987378
357.57340363,55.70858384744551
358.00903508,55.37519214846975
358.44465639,55.646909684166495
358.88026755,55.68697970402025
359.31586852,55.752759152738534
359.7514593,55.73427278555439
360.18703986,56.14952799085015
360.62261019,55.631552882719845
361.05817026,55.59168822105818
361.49372007,55.4107845123676
361.92925958,55.461699188851775
362.36478878,55.189200186393755
362.80030765,55.1130584845963
363.23581617,55.17336818133075
363.67131432,55.23965232604419
364.10680209,55.22381729007073
364.54227945,55.21910590012791
364.97774638,55.29111232339567
365.41320287,55.46834543067651
365.8486489,55.351902763255964
366.28408445,55.14207866491062
366.71950949,55.065180103543355
367.15492401,54.88279642057417
367.590328,54.930717073233055
368.02572142,54.737909167212294
368.46110427,54.68302857337854
368.89647652,54.769219073637444
369.33183815,54.69750296507606
369.76718915,54.628980533165894
370.2025295,54.31552388089256
370.63785917,53.860794657844664
371.07317815,53.85254454534713
371.50848642,53.95723380395784
371.94378395,53.99983528119733
372.37907074,53.81478654655367
372.81434676,53.692608017444634
373.24961199,53.80087090682474
373.68486642,53.245846488553155
374.12011002,53.62088826966305
374.55534277,53.746805598317685
374.99056467,53.730019842732645
375.42577567,54.00586980542377
375.86097578,53.85393608379127
376.29616497,54.02186701977123
376.73134321,53.938196044460135
377.1665105,53.714024047975656
377.6016668,53.92428252531038
378.03681211,53.78870470594893
378.47194641,53.676022706345336
378.90706966,53.60708155395123
379.34218187,53.92162283643198
379.777283,54.21718620066056
380.21237303,54.173689941734686
380.64745196,53.928522392374454
381.08251975,53.934612092232754
381.5175764,54.163588470974844
381.95262187,54.3704001373498
382.38765616,54.215250261902845
382.82267924,54.18608102089605
383.25769109,54.05299260036544
383.6926917,53.834656619112764
384.12768105,54.165954581367025
384.56265911,54.19729296909656
384.99762586,54.23710431876314
385.4325813,54.20814046379883
385.8675254,54.25505127770226
386.30245813,54.46659383850305
386.73737949,54.36618569688628
387.17228945,54.473448731750665
387.60718799,53.993535949058476
388.04207509,53.769553339711955
388.47695074,54.196259579503966
388.91181492,54.00903227614092
389.3466676,54.01911332904686
389.78150877,54.18732313581479
390.21633841,54.04081518856111
390.6511565,53.91961187984751
391.08596302,53.902085487453995
391.52075795,54.013671768120986
391.95554127,53.8630002205128
392.39031297,53.88063015949906
392.82507302,53.57334067369201
393.2598214,53.23822828549446
393.6945581,53.297718825563564
394.1292831,53.3487533948732
394.56399638,53.16841648742073
394.99869791,53.01913955572377
395.43338769,52.81352281977488
395.86806568,52.62773406045154
396.30273188,52.72872973743882
396.73738625,52.465152355039734
397.1720288,52.563081142398566
397.60665948,52.19491307059644
398.04127829,52.085144486579665
398.47588521,51.587855936784074
398.91048022,51.04143499702873
399.34506329,50.505427509504315
399.77963441,50.117068886952914
400.21419356,49.369248592301965
400.64874072,48.367987049289276
401.08327588,47.575150595813696
401.517799,46.72946926245215
401.95231008,45.52985087987404
402.3868091,44.20116361075271
402.82129603,42.72028317930404
403.25577086,41.0148774954778
403.69023356,39.232512827804165
404.12468412,37.485402571557415
404.55912252,35.703530160942734
404.99354874,33.91679836820156
405.42796276,32.06941653317716
405.86236457,30.299017593616068
406.29675414,28.69091323097289
406.73113145,27.273109788162802
407.16549648,25.77214391609285
407.59984922,24.5301090831096
408.03418965,23.244919949571887
408.46851774,22.0998996850854
408.90283349,20.949810955507733
409.33713686,19.979961219040774
409.77142784,18.979984155878846
410.20570642,18.165873509090833
410.63997256,17.299754659781087
411.07422626,16.60543959135098
411.50846749,15.967405231847595
411.94269624,15.452959122245424
412.37691248,14.977499984940046
412.81111621,14.528840621767486
413.24530738,14.098732047236574
413.679486,13.765322231881623
414.11365204,13.466333781924236
414.54780547,13.204140807033873
414.98194629,12.913863789821255
415.41607447,12.65661995839798
415.85018999,12.441169696431821
416.28429284,12.248245811381553
416.71838299,12.086500343941474
417.15246043,11.976803999842318
417.58652514,11.852016029230276
418.02057709,11.750402909878083
418.45461627,11.686883275526244
418.88864266,11.65782660009947
419.32265625,11.61973162982577
419.756657,11.560885689399655
420.19064491,11.516526875839645
420.62461995,11.460546863150093
421.0585821,11.396167595445094
421.49253135,11.356008674613092
421.92646768,11.3218878369611
422.36039106,11.338834935928968
422.79430148,11.334149392528728
423.22819892,11.370417143018136
423.66208336,11.417820273315948
424.09595478,11.51342309598781
424.52981316,11.602634373357397
424.96365849,11.681895848071349
425.39749074,11.778030960036181
425.83130989,11.837470676749287
426.26511593,11.9041230531305
426.69890883,11.959650397937109
427.13268858,12.026400545751414
427.56645516,12.089426100267328
428.00020855,12.16306382125614
428.43394873,12.268185516807968
428.86767568,12.387453596430094
429.30138939,12.513634042922206
429.73508982,12.650635917963413
430.16877697,12.75991039518117
430.60245081,12.831493300741172
431.03611133,12.922913110483995
431.46975851,12.99909597599327
431.90339232,13.034508047052874
432.33701276,13.077224199482364
432.77061979,13.120403301712347
433.2042134,13.180625309317723
433.63779357,13.261354996324265
434.07136029,13.35956825630268
434.50491352,13.497317592466297
434.93845327,13.64494694150859
435.37197949,13.799865698641446
435.80549219,13.959614316266393
436.23899132,14.119858695518676
436.67247689,14.269392399821335
437.10594887,14.400421472866714
437.53940723,14.504430951175914
437.97285197,14.590844967058645
438.40628306,14.666342926980708
438.83970048,14.736864313153541
439.27310421,14.843888246975263
439.70649424,14.975781272801724
440.13987054,15.117302319837028
440.5732331,15.27577466460677
441.00658189,15.448245768188865
441.4399169,15.5996460716375
441.87323811,15.724077675777842
442.30654551,15.833314302556555
442.73983906,15.909338523706458
443.17311875,15.960544951127776
443.60638457,16.015791048887635
444.03963649,16.064613676815775
444.47287449,16.10968627822922
444.90609856,16.160913774810357
445.33930868,16.266072733071464
445.77250482,16.36336479864083
446.20568697,16.480369964536443
446.63885511,16.62601406360874
447.07200922,16.781144502919616
447.50514928,16.94652047928028
447.93827527,17.092347672804234
448.37138718,17.241676494877982
448.80448497,17.374766087118644
449.23756865,17.462327829211585
449.67063818,17.550933211846786
450.10369354,17.62754707621697
450.53673472,17.677570054731035
450.9697617,17.733593526976883
451.40277446,17.79156882143544
451.83577298,17.87993460491406
452.26875725,17.99176073869539
452.70172723,18.105307831493775
453.13468291,18.22355103384794
453.56762428,18.337762608637988
454.00055132,18.440937666182737
454.433464,18.523336515008506
454.8663623,18.611955252682257
455.29924622,18.69416957805666
455.73211572,18.749024284616414
456.16497079,18.815304377099164
456.59781142,18.883291871759464
457.03063757,18.93644808623726
457.46344923,19.00452246377997
457.89624639,19.064782662254256
458.32902903,19.147227539009783
458.76179711,19.219792592594523
459.19455064,19.302331404509797
459.62728958,19.40485413586716
460.06001392,19.494900411081613
460.49272363,19.583142278878096
460.92541871,19.67913556304693
461.35809913,19.778623824849767
461.79076486,19.872606061509124
462.22341591,19.960769136915037
462.65605223,20.04090632336767
463.08867382,20.098754672277458
463.52128065,20.14124030327948
463.95387271,20.18717663022558
464.38644998,20.23099589062916
464.81901243,20.293256320459427
465.25156005,20.345665842373393
465.68409283,20.398158741710255
466.11661073,20.45802341851909
466.54911374,20.524252746240908
466.98160185,20.601953723125856
467.41407503,20.686957259442384
467.84653327,20.77305209471105
468.27897654,20.849361649658974
468.71140483,20.936761103064477
469.14381811,21.008837101317777
469.57621637,21.06013613986004
470.0085996,21.085763960725984
470.44096776,21.114255125799655
470.87332084,21.119243022382456
471.30565882,21.10820270247691
471.73798169,21.086906056180887
472.17028942,21.058686555954463
472.602582,21.029687594846997
473.0348594,20.997771768955094
473.4671216,20.96613841028141
473.8993686,20.94383533870689
474.33160036,20.933493855703883
474.76381687,20.931113957146973
475.19601811,20.939869395716606
475.62820407,20.964004586265187
476.06037471,20.994950072142927
476.49253003,21.031226844407488
476.92467,21.06442546617175
477.35679461,21.085349168698496
477.78890383,21.080300910227184
478.22099765,21.047242707480333
478.65307605,20.995291567153632
479.085139,20.938394761606343
479.5171865,20.85840776177421
479.94921851,20.779903141200656
480.38123503,20.713646154830755
480.81323602,20.64815128298874
481.24522149,20.61257041107232
481.67719139,20.5877857515199
482.10914572,20.56897044699252
482.54108446,20.56966190206637
482.97300758,20.580352251447845
483.40491507,20.59909646484938
483.83680691,20.594764107736786
484.26868308,20.587543779788067
484.70054356,20.571084017920096
485.13238833,20.522125548849644
485.56421738,20.4501148378186
485.99603067,20.361571216613623
486.4278282,20.255103038837433
486.85960995,20.140651571577784
487.29137589,20.027150237797073
487.72312601,19.89965471103535
488.15486029,19.790090062873663
488.5865787,19.693764339290095
489.01828124,19.622805229972617
489.44996788,19.597414941924573
489.8816386,19.61009160966751
490.31329338,19.66670550135075
490.7449322,19.76057710822159
491.17655505,19.88964399838626
491.6081619,20.037878257273498
492.03975274,20.193607335186407
492.47132755,20.340324013305292
492.90288631,20.486611526600154
493.33442899,20.607363226809138
493.76595559,20.704873111299158
494.19746607,20.79616949286414
494.62896043,20.87720122732617
495.06043864,20.964943960649688
495.49190069,21.068116277608986
495.92334655,21.198901151692066
496.3547762,21.366208405695215
496.78618963,21.58215427809778
497.21758682,21.840039319206323
497.64896774,22.137881680389384
498.08033239,22.474659842886084
498.51168074,22.838557994930078
498.94301276,23.227376504409875
499.37432845,23.613051361838075
499.80562778,23.99970315064276
500.23691074,24.373285872136336
500.6681773,24.71804304792724
501.09942745,25.05125811743968
501.53066116,25.34280081495704
501.96187842,25.614848078445437
502.39307921,25.84692313674087
502.82426351,26.04588924287694
503.2554313,26.220640290551106
503.68658256,26.390010439784934
504.11771727,26.547410537243103
504.54883542,26.7180947044829
504.97993698,26.916285154238622
505.41102193,27.14728370217985
505.84209026,27.418043000771927
506.27314195,27.719861059846433
506.70417698,28.05767349114972
507.13519532,28.418086706055533
507.56619696,28.786601636050374
507.99718189,29.152238878387188
508.42815007,29.493079859181172
508.8591015,29.80621378850208
509.29003615,30.06456879379948
509.72095401,30.282348044273927
510.15185505,30.44120707276553
510.58273926,30.568580069594095
511.01360661,30.66935029423592
511.44445709,30.740345159192007
511.87529069,30.82738703961485
512.30610737,30.92501126085777
512.73690712,31.053837086523675
513.16768992,31.21624126246305
513.59845576,31.399845507780036
514.02920461,31.61620737021757
514.45993645,31.859905697700114
514.89065127,32.11985342158426
515.32134905,32.37718166405582
515.75202976,32.65228365566392
516.18269339,32.92090932430921
516.61333992,33.162548652240645
517.04396933,33.379957320577226
517.4745816,33.575997845784826
517.90517671,33.72702011439322
518.33575465,33.8473097408555
518.76631539,33.92461391446734
519.19685891,33.960991943660545
519.6273852,33.98088485731007
520.05789424,33.975885622763606
520.488386,33.97164306780696
520.91886048,33.95848148929618
521.34931764,33.95701088822846
521.77975747,33.98795052846037
522.21017995,34.0336434797074
522.64058507,34.12496354118132
523.07097279,34.24834666928524
523.50134312,34.4167413709436
523.93169601,34.62069889430586
524.36203147,34.85231999128552
524.79234945,35.103262169920875
525.22264996,35.33456260391801
525.65293297,35.561413885328136
526.08319845,35.75981330503703
526.5134464,35.92366345038318
526.94367678,36.07046953828721
527.37388959,36.202168802566234
527.8040848,36.30305104677472
528.2342624,36.38642955348602
528.66442236,36.471792100632385
529.09456467,36.57186190177607
529.5246893,36.67800057502412
529.95479624,36.82060834653981
530.38488547,36.98915534214668
530.81495697,37.17751677681704
531.24501072,37.40235504101548
531.67504671,37.65368307605772
532.1050649,37.93100264938957
532.53506529,38.225302231575306
532.96504785,38.5241688083716
533.39501257,38.83673755051404
533.82495942,39.132348482130276
534.25488839,39.42188412921872
534.68479946,39.698098279360714
535.11469261,39.956551451737816
535.54456782,40.20460575483696
535.97442507,40.42348185425475
536.40426434,40.62432031923611
536.83408561,40.79962710130129
537.26388887,40.95317371605426
537.69367409,41.102560875015364
538.12344125,41.25162737884736
538.55319035,41.419766662150195
538.98292135,41.59344693747574
539.41263423,41.78438388762757
539.84232899,42.01314758270311
540.2720056,42.261830735934616
540.70166404,42.5303643601904
541.13130429,42.83981044077592
541.56092633,43.18739071863192
541.99053015,43.55722040880909
542.42011572,43.93271979321194
542.84968303,44.32762436039506
543.27923205,44.73091821234481
543.70876277,45.1338399547543
544.13827517,45.54704504885399
544.56776923,45.94418057662153
544.99724493,46.34240321860538
545.42670225,46.72944950499552
545.85614117,47.122645328552025
546.28556168,47.50826433234554
546.71496375,47.89917009964249
547.14434736,48.31033935423676
547.5737125,48.74392503936812
548.00305915,49.20079130450475
548.43238728,49.673742351373605
548.86169688,50.16880111685497
549.29098794,50.70861126497475
549.72026042,51.26911183121576
550.14951431,51.85903525352537
550.5787496,52.47979282973383
551.00796626,53.10637697125904
551.43716427,53.73225112517383
551.86634362,54.36121864560158
552.29550429,54.98877894419934
552.72464625,55.61304582622805
553.15376949,56.214264512200316
553.58287399,56.79877691919216
554.01195973,57.34881754060727
554.44102669,57.866260309316885
554.87007485,58.335355035392716
555.29910419,58.75923588605874
555.7281147,59.13498746681197
556.15710635,59.477801169167776
556.58607912,59.74788904843779
557.015033,59.99414121854572
557.44396797,60.20024397490407
557.87288401,60.38015693930857
558.3017811,60.51545786572005
558.73065921,60.65047932829066
559.15951834,60.753720916425856
559.58835846,60.854010630800666
560.01717955,60.925670467685414
560.4459816,60.98381350969048
560.87476458,61.03359756000437
561.30352847,61.06052537126935
561.73227326,61.066958084526185
562.16099893,61.06166799561484
562.58970546,61.027093800089844
563.01839282,60.97494305784341
563.44706101,60.913494351312565
563.87571,60.827430216808
564.30433977,60.75399803403374
564.7329503,60.66236034194782
565.16154157,60.56957680897261
565.59011358,60.485252638452565
566.01866628,60.40218119232066
566.44719967,60.3194233259044
566.87571373,60.25415966801059
567.30420844,60.19960515408365
567.73268378,60.15219266302015
568.16113973,60.12705741536014
568.58957627,60.10470385647366
569.01799338,60.10995740240364
569.44639105,60.13135189816343
569.87476924,60.1886756638783
570.30312796,60.23816210089479
570.73146717,60.31507607215505
571.15978685,60.41866090060047
571.588087,60.546320176610344
572.01636758,60.68140265120685
572.44462858,60.83251298071552
572.87286998,61.003700823575265
573.30109177,61.19850572971983
573.72929391,61.39395073939323
574.1574764,61.587482954567214
574.58563922,61.78657184305048
575.01378234,61.99675510749789
575.44190574,62.19230059526869
575.87000941,62.381991243730134
576.29809333,62.558075292236346
576.72615748,62.726086736122326
577.15420184,62.874594480324575
577.58222639,62.998789682972735
578.01023111,63.118552766175306
578.43821598,63.22328794559757
578.86618099,63.305304612127514
579.29412611,63.373462272032214
579.72205133,63.437750635615366
580.14995662,63.487408107593474
580.57784197,63.52445697210117
581.00570736,63.55552477224006
581.43355276,63.553386961587876
581.86137817,63.5692040082052
582.28918356,63.549100267750916
582.7169689,63.499464116266566
583.1447342,63.43685272602443
583.57247941,63.37787016104873
584.00020453,63.28878227038548
584.42790954,63.18780545099843
584.85559441,63.058506926508215
585.28325913,62.91854958995723
585.71090368,62.77076942348313
586.13852803,62.60715627477326
586.56613218,62.42300107672463
586.9937161,62.24493074999786
587.42127977,62.05650924545693
587.84882317,61.85787164909187
588.27634629,61.65490332816235
588.7038491,61.449596644940854
589.13133159,61.24072722228547
589.55879373,61.03232545459673
589.98623551,60.80812344587005
590.41365691,60.58690509778697
590.84105791,60.36639726721362
591.26843849,60.145577604148876
591.69579863,59.92572306824861
592.12313831,59.72399411612307
592.55045752,59.53838161442995
592.97775623,59.35740007732193
593.40503442,59.192060322258904
593.83229208,59.0520670499295
594.25952919,58.916189217315114
594.68674573,58.81288923305563
595.11394167,58.7186616974029
595.541117,58.65513356820316
595.96827171,58.62830645986608
596.39540576,58.618631198420296
596.82251915,58.62364813019651
597.24961185,58.65566913900366
597.67668385,58.690539205844786
598.10373512,58.75811583330996
598.53076564,58.838727759184806
598.95777541,58.945327726662114
599.38476439,59.06055873834544
599.81173257,59.19899728894893
600.23867993,59.34130518073464
600.66560645,59.50786987495351
601.09251211,59.690195550062796
601.5193969,59.873798004181
601.94626078,60.07987540267487
602.37310376,60.28571599039936
602.7999258,60.49812496963535
603.22672688,60.71342629718456
603.65350699,60.93489763415207
604.08026611,61.156667028285966
604.50700422,61.36230496239578
604.9337213,61.56423359481033
605.36041733,61.74676813585844
605.78709229,61.90690626116461
606.21374616,62.04544842292027
606.64037893,62.16415933117862
607.06699057,62.25123960062358
607.49358107,62.32736512160408
607.9201504,62.373038921291354
608.34669856,62.38815957347449
608.77322551,62.37962975834762
609.19973124,62.34053326654288
609.62621572,62.2771651475806
610.05267896,62.18964809533541
610.47912091,62.08155193372925
610.90554156,61.95437727204581
611.3319409,61.799800174088716
611.75831891,61.63396739239488
612.18467556,61.43776018532172
612.61101083,61.21281013106785
613.03732472,60.96406871751641
613.46361719,60.699214858115255
613.88988823,60.40400178600944
614.31613782,60.074072336635936
614.74236595,59.73720539013032
615.16857258,59.375692489416714
615.59475771,59.01252979171077
616.02092131,58.639401469287876
616.44706337,58.26156552514742
616.87318386,57.8788271854179
617.29928278,57.49469210692265
617.72536008,57.117161606518515
618.15141577,56.747547432138
618.57744982,56.38499266146858
619.0034622,56.0404654964132
619.42945291,55.70380865720058
619.85542192,55.3792610826377
620.28136922,55.076412116422134
620.70729478,54.78158585471084
621.13319858,54.50735574590392
621.55908061,54.244952835155
621.98494085,53.99466541578518
622.41077927,53.76250304929951
622.83659587,53.53814746898374
623.26239061,53.32845960647552
623.68816348,53.12314191548425
624.11391447,52.93586508808251
624.53964355,52.746832916331904
624.9653507,52.56298384019613
625.39103591,52.3835502797661
625.81669915,52.21477529721859
626.24234041,52.04657469651797
626.66795966,51.88618586717455
627.09355689,51.724619483573576
627.51913209,51.56292740876107
627.94468522,51.39314992560851
628.37021627,51.22671649202025
628.79572523,51.049611787617096
629.22121207,50.850212065221704
629.64667677,50.64531128074752
630.07211931,50.42126312509783
630.49753969,50.1733207817031
630.92293786,49.91512456440335
631.34831383,49.62730799051165
631.77366756,49.32144172618973
632.19899905,48.99172705830429
632.62430826,48.65116257508385
633.04959519,48.29354370089986
633.4748598,47.910657108565125
633.90010209,47.51662981397314
634.32532203,47.11350187167295
634.75051961,46.709881211259535
635.17569481,46.29760189756271
635.6008476,45.87378753720373
636.02597797,45.454175942456594
636.45108589,45.0415541051482
636.87617136,44.632095304081915
637.30123435,44.2267350672905
637.72627483,43.84351702343299
638.15129281,43.47008369637138
638.57628824,43.101420044775125
639.00126112,42.746892379912154
639.42621142,42.40959223269138
639.85113913,42.07456181242956
640.27604422,41.75084938238916
640.70092669,41.446315100630365
641.1257865,41.154126374708
641.55062364,40.86277833723291
641.97543809,40.577782813572206
642.40022983,40.307908233337116
642.82499885,40.04578675450121
643.24974512,39.79737187966343
643.67446862,39.56371263024759
644.09916934,39.348389081180905
644.52384726,39.15275713468883
644.94850235,38.977684626210014
645.3731346,38.83488104048059
645.79774399,38.70800385580862
646.2223305,38.605292660221686
646.64689411,38.537578367486475
647.0714348,38.49436766206441
647.49595255,38.471683479600046
647.92044735,38.46694811843058
648.34491917,38.477404594959154
648.769368,38.50857546947885
649.19379381,38.552419708714545
649.61819659,38.5940919982574
650.04257632,38.64447065172439
650.46693298,38.7014734176625
650.89126655,38.745370517469446
651.31557701,38.78530813267145
651.73986434,38.82532271371415
652.16412852,38.864001640869176
652.58836954,38.890356005444616
653.01258737,38.91420274399826
653.436782,38.93578318002502
653.8609534,38.95277544743654
654.28510156,38.967625599457136
654.70922646,38.98566751937288
655.13332808,38.99953098703419
655.5574064,39.022784282582286
655.9814614,39.045960396028974
656.40549307,39.070007518587424
656.82950137,39.09845003546298
657.2534863,39.123559012436075
657.67744784,39.14513319999281
658.10138596,39.162416841035586
658.52530064,39.16278979240808
658.94919188,39.16522590119487
659.37305964,39.15553143412442
659.79690391,39.13522721543452
660.22072468,39.099411118011574
660.64452191,39.06548975405858
661.0682956,39.01336537170077
661.49204572,38.957316141178815
661.91577225,38.90057987187144
662.33947518,38.84166246205534
662.76315449,38.78549818809646
663.18681015,38.73281523784829
663.61044215,38.68956290782331
664.03405047,38.66306574716219
664.45763509,38.65403259204731
664.88119598,38.660188360928444
665.30473314,38.68774602464866
665.72824655,38.73788776803267
666.15173617,38.80849728020862
666.575202,38.904174624401406
666.99864402,39.013875284463055
667.4220622,39.139850830259086
667.84545653,39.27481562533274
668.26882699,39.43548175475004
668.69217355,39.596873976260525
669.11549621,39.77041724931988
669.53879494,39.95688209714074
669.96206971,40.14347157271943
670.38532052,40.333047991146145
670.80854735,40.526925157156896
671.23175017,40.726395139597656
671.65492896,40.93207915092069
672.07808371,41.13589576522508
672.5012144,41.34392910416279
672.92432101,41.5569337357963
673.34740351,41.78784266575069
673.7704619,42.004652016407945
674.19349615,42.24371136609687
674.61650623,42.487659495101596
675.03949215,42.72871952029362
675.46245386,42.97852479824406
675.88539136,43.232748884082085
676.30830463,43.498709607865855
676.73119364,43.75911524994231
677.15405838,44.02419523277194
677.57689882,44.286407984871055
677.99971496,44.55510372763612
678.42250677,44.810749464537885
678.84527423,45.067972324506144
679.26801732,45.318281086133624
679.69073602,45.55941536143265
680.11343032,45.797616841703594
680.53610019,46.02134597592527
680.95874562,46.23691490398832
681.38136658,46.42983855231319
681.80396307,46.623577604780905
682.22653505,46.80491958498672
682.64908251,46.96343478808572
683.07160543,47.11963521298899
683.49410379,47.26203729809592
683.91657758,47.39694339022663
684.33902677,47.51430554262763
684.76145134,47.61423016897697
685.18385128,47.70326907432379
685.60622656,47.78175434641517
686.02857717,47.84437676351602
686.45090309,47.88523040748109
686.8732043,47.91802912643812
687.29548077,47.92318407494753
687.7177325,47.91809332721225
688.13995946,47.88919946471027
688.56216163,47.84362430502233
688.98433899,47.780743678922555
689.40649153,47.69491290945006
689.82861923,47.59540650864838
690.25072206,47.48359980687756
690.67280001,47.35368854201256
691.09485305,47.203838555779164
691.51688118,47.03599102499321
691.93888436,46.85775110996255
692.36086259,46.66469197363556
692.78281583,46.46397766831076
693.20474408,46.26740185741995
693.62664732,46.06870308475611
694.04852552,45.87232540251337
694.47037866,45.695517145885084
694.89220673,45.51800983671788
695.31400971,45.34504230378014
695.73578757,45.19089120194512
696.15754031,45.04790106461802
696.57926789,44.92483899339484
697.00097031,44.81214181356576
697.42264753,44.726095811019576
697.84429955,44.66057652696282
698.26592635,44.617785903845345
698.6875279,44.592951294782516
699.10910418,44.594320319364876
699.53065518,44.60710100006176
699.95218088,44.63927606487327
700.37368126,44.696160249788875
700.7951563,44.75986381170773
701.21660597,44.84947167292764
701.63803027,44.95251588279399
702.05942917,45.071148904122055
702.48080265,45.19517267493051
702.9021507,45.32966941378627
703.32347329,45.46529467989022
703.74477041,45.60083781284535
704.16604204,45.73385103999794
704.58728815,45.88343086448191
705.00850873,46.01791733623622
705.42970376,46.15610574950125
705.85087322,46.2955707768337
706.2720171,46.41557474688439
706.69313536,46.52595333495554
707.114228,46.63443976941628
707.53529499,46.721033472482915
707.95633632,46.80765528784716
708.37735196,46.88834477545656
708.7983419,46.96736550585913
709.21930612,47.03413026569491
709.6402446,47.09289312898618
710.06115731,47.14458125462668
710.48204425,47.185772795569136
710.90290539,47.223342486527706
711.32374071,47.24793570277748
711.7445502,47.27446853431852
712.16533383,47.28907883347073
712.58609158,47.30405970130889
713.00682344,47.316274327628456
713.42752939,47.31654162155089
713.84820941,47.32399258478257
714.26886347,47.33342391321284
714.68949157,47.32903705625505
715.11009368,47.326411169135945
715.53066977,47.33284938704959
715.95121984,47.33016300893959
716.37174387,47.33220033059566
716.79224183,47.34612322953025
717.2127137,47.361029764966254
717.63315947,47.38164980562773
718.05357912,47.4185316301513
718.47397263,47.46232200290998
718.89433997,47.507934790494026
719.31468114,47.55781271741899
719.7349961,47.62053957584685
720.15528485,47.679638078376165
720.57554736,47.74886512716659
720.99578362,47.810089396356446
721.4159936,47.8698401069103
721.83617729,47.92084200445958
722.25633466,47.97278563151962
722.6764657,48.014954177132616
723.09657039,48.052952274569506
723.51664871,48.0778216272616
723.93670063,48.097480954834
724.35672615,48.10854986081089
724.77672524,48.108028398534906
725.19669789,48.10342750322872
725.61664407,48.08034030660422
726.03656376,48.052892807908954
726.45645695,48.02225705904178
726.87632362,47.996266247539026
727.29616374,47.95960344964066
727.7159773,47.92333038279613
728.13576429,47.8907659567962
728.55552467,47.86120069483514
728.97525843,47.84267980313889
729.39496556,47.829153533952834
729.81464603,47.819704135892636
730.23429983,47.828402684996036
730.65392692,47.82667708049209
731.07352731,47.83480614633809
731.49310096,47.84959421911795
731.91264786,47.85985805571023
732.33216799,47.89210279027547
732.75166133,47.9302581830831
733.17112786,47.97403386653056
733.59056756,48.025764392447556
734.00998042,48.08559133990512
734.4293664,48.1491230909561
734.8487255,48.21395694453548
735.2680577,48.275430941677186
735.68736298,48.35535570479111
736.10664131,48.4381561911461
736.52589267,48.525822135207534
736.94511706,48.606694329086395
737.36431445,48.68817989057939
737.78348482,48.76446186674032
738.20262815,48.84248409712557
738.62174442,48.92795109003039
739.04083362,49.01118943346501
739.45989572,49.09383320211159
739.87893071,49.15091315104638
740.29793856,49.20765225175566
740.71691926,49.26853191174173
741.13587279,49.31267652493164
741.55479913,49.350895350752914
741.97369826,49.37120831281514
742.39257016,49.38682896126765
742.81141481,49.38723372698826
743.23023219,49.37843332782959
743.64902229,49.374319892524284
744.06778508,49.360343342485415
744.48652055,49.331722735103604
744.90522868,49.304647397660595
745.32390944,49.26362829724576
745.74256282,49.22046561896459
746.1611888,49.17341363900203
746.57978736,49.11602973999213
746.99835849,49.04995564982521
747.41690215,48.99376288205576
747.83541834,48.93245031217589
748.25390703,48.8827283364885
748.67236821,48.82738272197723
749.09080185,48.773241051944154
749.50920794,48.714155186567616
749.92758646,48.67065682933561
750.34593739,48.634507404606644
750.7642607,48.60527706934048
751.18255639,48.58027455431681
751.60082443,48.56464595500259
752.0190648,48.573410969088236
752.43727748,48.576372516957846
752.85546246,48.60192803116381
753.27361971,48.63364920205483
753.69174922,48.66404136651574
754.10985097,48.71263295496717
754.52792493,48.761808163560744
754.94597109,48.81526028499985
755.36398944,48.873034107352765
755.78197994,48.93462457945491
756.19994258,48.99123907318935
756.61787735,49.04893599420897
757.03578422,49.10209514585081
757.45366318,49.15673586648694
757.8715142,49.20556046341559
758.28933727,49.24110914769287
758.70713236,49.265570593191256
759.12489946,49.28427589203554
759.54263856,49.28150782655311
759.96034962,49.26654484292473
760.37803263,49.238412915038225
760.79568758,49.19650850588638
761.21331443,49.12542660162615
761.63091318,49.02569581216361
762.04848381,48.910317299157825
762.46602629,48.771161239058294
762.88354061,48.60600619394462
763.30102674,48.42641843892365
763.71848468,48.228648283216664
764.13591439,48.010127427395766
764.55331586,47.77576756500385
764.97068908,47.5263752691883
765.38803401,47.274816951232516
765.80535065,46.997975375056015
766.22263898,46.71911075163793
766.63989896,46.44524955262651
767.0571306,46.16628732139588
767.47433386,45.89387305223611
767.89150873,45.639165127162485
768.30865518,45.39210513695883
768.72577321,45.1634169961315
769.14286278,44.95672168394811
769.55992389,44.76769697430279
769.97695651,44.600889298064224
770.39396062,44.448098933097825
770.81093621,44.32293317494951
771.22788325,44.22749021882769
771.64480173,44.146595350246756
772.06169163,44.085344184049184
772.47855292,44.05460288507487
772.89538559,44.054168783190505
773.31218962,44.06067224982924
773.72896499,44.09489435783436
774.14571169,44.15363093404261
774.56242968,44.23864175413392
774.97911896,44.34513455180085
775.3957795,44.47953474509726
775.81241129,44.62465389944393
776.22901431,44.791000484087874
776.64558853,44.98140250905739
777.06213394,45.18780168346391
777.47865052,45.416466856546904
777.89513825,45.65259953367796
778.3115971,45.88781881380581
778.72802708,46.150761811673064
779.14442814,46.41338348319472
779.56080028,46.687807876385484
779.97714347,46.96396200904556
780.39345769,47.2368226569904
780.80974294,47.51420285307267
781.22599918,47.77484242337248
781.6422264,48.03020477499799
782.05842457,48.2707279430068
782.47459369,48.493624883332714
782.89073373,48.69017291811293
783.30684467,48.87240687699531
783.72292649,49.01766290794744
784.13897918,49.13710816957519
784.55500271,49.23935058316289
784.97099707,49.31653083624406
785.38696224,49.36728536271131
785.80289819,49.37234014537464
786.21880491,49.3584119132442
786.63468238,49.327363131578124
787.05053057,49.26164190171924
787.46634949,49.17526708398915
787.88213909,49.071435129299125
788.29789936,48.93895772102583
788.71363029,48.81277362356571
789.12933186,48.66153414177305
789.54500404,48.49454318523028
789.96064681,48.32420503799816
790.37626017,48.151421673552576
790.79184408,47.973629613298016
791.20739853,47.804992238794036
791.62292351,47.63768925738412
792.03841898,47.484496953277905
792.45388494,47.33693317724893
792.86932136,47.19823687732012
793.28472822,47.07832203316769
793.70010551,46.96328366341917
794.11545321,46.87472592000673
794.53077129,46.79949965605352
794.94605974,46.74039263966831
795.36131853,46.689256616037135
795.77654766,46.65745688288891
796.1917471,46.64510035399017
796.60691683,46.64929197327114
797.02205683,46.66370555489154
797.43716709,46.680388496886756
797.85224758,46.69996721358774
798.26729829,46.72682084467757
798.68231919,46.773107079310485
799.09731027,46.82044411763423
799.5122715,46.85111811705829
799.92720288,46.895114149271286
800.34210438,46.92807126997727
800.75697597,46.952358015627844
801.17181765,46.98462359897445
801.58662939,46.994771712074744
802.00141118,46.99587238031754
802.41616299,46.99640404783854
802.8308848,46.989650547483215
803.2455766,46.9664640541823
803.66023837,46.93288746163142
804.07487008,46.87643885781411
804.48947173,46.82560295298089
804.90404329,46.74950960951976
805.31858473,46.66649158112835
805.73309605,46.57286612355338
806.14757722,46.46670674648618
806.56202823,46.352950896629935
806.97644905,46.22636071827626
807.39083966,46.09243090868631
807.80520005,45.94660106831448
808.2195302,45.80040411040065
808.63383009,45.65114796595426
809.0480997,45.49597218307303
809.46233901,45.35393758039081
809.87654799,45.19750058131718
810.29072665,45.05362734866164
810.70487494,44.92183161810126
811.11899286,44.7798218372456
811.53308038,44.6465918669601
811.94713749,44.519941662070266
812.36116416,44.411881625329485
812.77516039,44.31401512762389
813.18912614,44.23342722266509
813.6030614,44.15511548257477
814.01696615,44.10046089230388
814.43084037,44.064082728529314
814.84468405,44.04116724949067
815.25849716,44.0194806104311
815.67227968,44.014898682707106
816.0860316,44.03183740428377
816.49975289,44.06326641367082
816.91344354,44.118795818554396
817.32710353,44.17040459789565
817.74073284,44.24762102522159
818.15433144,44.3269860986831
818.56789933,44.431659335893144
818.98143648,44.54183966300248
819.39494287,44.670253507796396
819.80841849,44.805568754671214
820.2218633,44.94493373858577
820.63527731,45.10405741529581
821.04866048,45.26382636041375
821.4620128,45.4302962244402
821.87533424,45.602374151604515
822.2886248,45.76772315762198
822.70188444,45.948935847398836
823.11511316,46.131524606414814
823.52831093,46.3165800433302
823.94147773,46.510854650625134
824.35461354,46.69497038736916
824.76771835,46.876841376792875
825.18079213,47.045064978591036
825.59383487,47.20631872071665
826.00684655,47.34066916564543
826.41982715,47.47813249737004
826.83277664,47.58475345022176
827.24569502,47.65148090289222
827.65858225,47.712643476109236
828.07143833,47.75640553917599
828.48426323,47.75229596831326
828.89705694,47.71382912219199
829.30981943,47.67168201622148
829.72255068,47.585803273374594
830.13525068,47.473814750977745
830.54791941,47.342976582237824
830.96055685,47.19375723850847
831.37316298,47.01193138305001
831.78573777,46.81604233259709
832.19828122,46.607020297239885
832.6107933,46.398507387487655
833.023274,46.18947687015228
833.43572328,45.96845504516943
833.84814115,45.76579437690356
834.26052757,45.5592554071691
834.67288252,45.36746480502724
835.08520599,45.18784882011158
835.49749796,45.01473584062069
835.90975842,44.850145568931424
836.32198733,44.69122309555087
836.73418468,44.55707425218894
837.14635046,44.44034756828839
837.55848463,44.332113708016834
837.9705872,44.24536256799553
838.38265813,44.17405785052096
838.7946974,44.127729471044816
839.206705,44.089974556842364
839.61868091,44.04460245221129
840.03062511,44.029155156853776
840.44253757,44.015905753263354
840.85441829,44.010668673718136
841.26626724,44.01972301331863
841.6780844,44.04903067114928
842.08986976,44.07441172436429
842.50162329,44.113773109086466
842.91334498,44.154469840920235
843.3250348,44.19512078919732
843.73669274,44.250343590524324
844.14831877,44.30420359382489
844.55991289,44.35908230476474
844.97147506,44.42628709083844
845.38300528,44.48335336562127
845.79450352,44.53561173126778
846.20596976,44.60408864569049
846.61740399,44.64934097214859
847.02880618,44.69262351687407
847.44017631,44.73624419749095
847.85151437,44.77125427150925
848.26282034,44.80268430372032
848.6740942,44.839353529277226
849.08533592,44.89580312682636
849.4965455,44.92763907055245
849.90772291,44.94796918988102
850.31886813,44.966996462451945
850.72998114,44.99154798048883
851.14106193,44.996628472400644
851.55211047,45.002091646813234
851.96312674,44.99129365191687
852.37411074,44.99864070055537
852.78506243,45.00126045263904
853.1959818,44.98755885777268
853.60686882,44.98481636071668
854.01772349,44.98088134023138
854.42854578,44.97450241483651
854.83933568,44.94768622875695
855.25009315,44.913570059684496
855.66081819,44.882929286488796
856.07151078,44.86157589007481
856.48217089,44.8113719348381
856.8927985,44.774770048282114
857.30339361,44.7244791172912
857.71395618,44.66418261337706
858.1244862,44.59276716533429
858.53498366,44.52142370856793
858.94544852,44.41910283495352
859.35588078,44.325296740986225
859.76628041,44.230826769565404
860.1766474,44.11508830881421
860.58698172,43.99627157047539
860.99728335,43.871847338211936
861.40755229,43.71330348705129
861.8177885,43.53354386335426
862.22799197,43.349624016700645
862.63816268,43.18607565196921
863.04830061,43.004232636249164
863.45840574,42.793039976950574
863.86847805,42.58341822145865
864.27851753,42.35263453198313
864.68852415,42.13242945587368
865.0984979,41.89871219356236
865.50843876,41.67485844880792
865.9183467,41.449161402198115
866.32822171,41.2003990573032
866.73806377,40.967374855350585
867.14787286,40.73319827961553
867.55764895,40.50714699492316
867.96739205,40.288195385971655
868.37710211,40.079747948018955
868.78677913,39.855827189063014
869.19642308,39.66366726536765
869.60603395,39.476143910493896
870.01561171,39.31272732753278
870.42515635,39.15678341762028
870.83466785,39.02647140883127
871.24414619,38.90330923049403
871.65359135,38.80180755628777
872.06300331,38.7035959220218
872.47238206,38.627193167011484
872.88172756,38.566388415944346
873.29103981,38.51887463940143
873.70031878,38.47964052453643
874.10956446,38.455207034493185
874.51877683,38.41492423808921
874.92795586,38.38969901888406
875.33710155,38.347948743359495
875.74621386,38.316260712639625
876.15529278,38.29266578012181
876.5643383,38.25602317035518
876.97335038,38.219920142212075
877.38232902,38.16604419468353
877.79127419,38.0925717154893
878.20018588,37.99907781800957
878.60906407,37.906746567497635
879.01790873,37.79065457019011
879.42671984,37.64701465275707
879.8354974,37.488061536768505
880.24424138,37.31479119538064
880.65295176,37.13926327182812
881.06162852,36.93950344740252
881.47027164,36.725530779938765
881.8788811,36.49334326658357
882.28745689,36.249458758187046
882.69599898,35.97608618610374
883.10450736,35.684265380641094
883.51298201,35.37699379249666
883.92142291,35.077708770554516
884.32983003,34.767989881731424
884.73820337,34.460789692783905
885.14654289,34.14452318690492
885.55484859,33.821761641015186
885.96312043,33.505185296434966
886.37135842,33.188018431841904
886.77956251,32.88810841103812
887.18773271,32.60678916171511
887.59586898,32.353647280949254
888.0039713,32.09427871990625
888.41203966,31.851829108939654
888.82007405,31.634432635121005
889.22807443,31.43802593558351
889.63604079,31.249739917872866
890.04397312,31.0908233705454
890.45187139,30.96429065105091
890.85973558,30.846554971783057
891.26756568,30.740567469008884
891.67536166,30.66198802315989
892.08312351,30.6130795075216
892.49085121,30.566518328973512
892.89854473,30.530403512108318
893.30620407,30.511960285987684
893.71382919,30.508068923795623
894.12142009,30.52770919760386
894.52897673,30.534138316147487
894.93649911,30.549012863568507
895.34398721,30.58892111627389
895.751441,30.629224509366054
896.15886046,30.678310777879947
896.56624558,30.704915328947024
896.97359634,30.73523401509192
897.38091272,30.77798595442107
897.7881947,30.800694523502244
898.19544225,30.814861993880218
898.60265537,30.819124947426005
899.00983403,30.822672194757974
899.41697822,30.811668835002106
899.82408791,30.77426378886589
900.23116308,30.718205966567595
900.63820372,30.659050950885362
901.04520981,30.589084151465546
901.45218132,30.48480360848857
901.85911824,30.37894536839321
902.26602056,30.251708990445987
902.67288824,30.117635608159556
903.07972127,29.979150328056885
903.48651964,29.823056693850727
903.89328332,29.643329313736288
904.3000123,29.46369493028003
904.70670655,29.263631048890748
905.11336605,29.057028596289232
905.51999079,28.867589682262714
905.92658076,28.656223210944475
906.33313592,28.44435003786756
906.73965626,28.220975767833224
907.14614176,28.02583452407802
907.5525924,27.794786255028235
907.95900816,27.575944745969455
908.36538903,27.363064138161793
908.77173498,27.145688275131146
909.178046,26.93914280196186
909.58432207,26.7421692992122
909.99056316,26.527706484672606
910.39676926,26.333916939058533
910.80294035,26.166548676479273
911.20907641,26.000030467337876
911.61517742,25.823658269206117
912.02124336,25.649989689450805
912.42727422,25.497969930294236
912.83326996,25.33804610386921
913.23923059,25.186329828363906
913.64515607,25.0266010699918
914.05104638,24.874876359084382
914.45690152,24.722960097883565
914.86272145,24.5819466158792
915.26850616,24.435929192354234
915.67425563,24.292738535753855
916.07996984,24.137044932838695
916.48564877,23.998877204583767
916.89129241,23.84554547613379
917.29690073,23.69386336872921
917.70247372,23.54573326823452
918.10801135,23.383951686875196
918.51351361,23.231111657523144
918.91898047,23.068686949601773
919.32441193,22.897206239789703
919.72980795,22.705814365464253
920.13516853,22.55106481171661
920.54049363,22.37452990145747
920.94578325,22.19850315674475
921.35103736,22.01911449765571
921.75625595,21.851047746978498
922.16143899,21.670975945205956
922.56658647,21.491515649881926
922.97169836,21.310646470278034
923.37677465,21.117377158533035
923.78181532,20.93956289064563
924.18682035,20.773140166521074
924.59178972,20.615780889443446
924.99672341,20.461783701282936
925.40162141,20.294147356903036
925.80648369,20.151137910641882
926.21131023,20.00959104325015
926.61610102,19.869373502995977
927.02085603,19.73280716335244
927.42557525,19.59646060386624
927.83025866,19.474070417837854
928.23490624,19.338667526365676
928.63951796,19.23251175149312
929.04409382,19.124874221170284
929.44863379,19.027689687555824
929.85313785,18.929144741935296
930.25760599,18.830564998041815
930.66203818,18.73958900602809
931.06643441,18.6478692315562
931.47079465,18.57070288004007
931.87511889,18.498156260993056
932.27940711,18.43797084257649
932.68365929,18.3555587754803
933.0878754,18.282750417076603
933.49205544,18.215048007056517
933.89619938,18.143137629018646
934.30030721,18.06634346492837
934.70437889,17.9975454152156
935.10841442,17.92637032120319
935.51241378,17.868021622956448
935.91637694,17.790139526747506
936.3203039,17.70003305405627
936.72419462,17.617400300774502
937.12804908,17.519863629662154
937.53186728,17.421709230256678
937.93564919,17.337877829558412
938.3393948,17.237644008074085
938.74310407,17.134619410162898
939.146777,17.03733271391228
939.55041357,16.92798054884682
939.95401375,16.815057001704258
940.35757752,16.699072945083397
940.76110488,16.585909723946877
941.16459579,16.45988120426522
941.56805025,16.336855109592385
941.97146822,16.208531875615233
942.37484969,16.087474585914343
942.77819465,15.975366847421405
943.18150307,15.850798316703651
943.58477494,15.721718522517756
943.98801022,15.580132749281077
944.39120892,15.457402571471343
944.794371,15.330026798315327
945.19749645,15.201550027672184
945.60058525,15.083515245870005
946.00363738,14.976469479418709
946.40665282,14.880986051405786
946.80963155,14.769234392886
947.21257356,14.653353053906088
947.61547881,14.568497751497013
948.0183473,14.475258760829764
948.42117901,14.407927316430467
948.82397391,14.338046243831137
949.22673199,14.264097574393702
949.62945323,14.213996650674297
950.03213761,14.147867522166903
950.43478511,14.1033444693994
950.8373957,14.05321873011535
951.23996938,14.033989921676953
951.64250613,14.010667670664605
952.04500591,13.99385843814702
952.44746872,13.993450553743163
952.84989454,13.978879295271163
953.25228334,13.987787587693497
953.65463511,13.993509902847688
954.05694983,14.008537434549524
954.45922747,14.033703543879971
954.86146803,14.042438393241696
955.26367148,14.055526401751846
955.6658378,14.096188969978456
956.06796697,14.122021554724315
956.47005898,14.161371032030866
956.8721138,14.190444629636586
957.27413142,14.211835110317079
957.67611181,14.263365157922049
958.07805496,14.309884490677337
958.47996085,14.337173688997124
958.88182946,14.363565974601128
959.28366077,14.378294136881726
959.68545476,14.421382531356153
960.08721142,14.43308790259943
960.48893071,14.440169481286077
960.89061263,14.455457643688394
961.29225716,14.464745792890344
961.69386427,14.489805544515953
962.09543395,14.496958999279181
962.49696617,14.520245849007743
962.89846092,14.529665466627705
963.29991819,14.553954402450906
963.70133794,14.561637906503227
964.10272017,14.54921869075838
964.50406485,14.557739631786703
964.90537196,14.588249053802723
965.30664148,14.582861359263504
965.7078734,14.562576085745217
966.1090677,14.564302692204306
966.51022435,14.560319682860902
966.91134334,14.548084197715324
967.31242465,14.578211802854995
967.71346826,14.600023770934783
968.11447415,14.57991459268487
968.5154423,14.601412202897821
968.9163727,14.61514209946113
969.31726532,14.626603007517273
969.71812014,14.64498815120267
970.11893715,14.672936484063232
970.51971632,14.6709842146484
970.92045764,14.679901807189
971.32116109,14.706303285318668
971.72182665,14.770235663671484
972.1224543,14.806229511731372
972.52304402,14.85097690615228
972.92359579,14.899832024386136
973.32410959,14.947121665837804
973.72458541,15.021217523436338
974.12502322,15.07011919101881
974.52542301,15.100714680430192
974.92578475,15.158730438090451
975.32610843,15.194906237888192
975.72639403,15.230839658532698
976.12664153,15.248901936574029
976.52685091,15.299958630591664
976.92702215,15.34965884805262
977.32715523,15.379268631127651
977.72725014,15.431041145643412
978.12730685,15.484382086951255
978.52732534,15.539561078045258
978.9273056,15.573506147247324
979.3272476,15.646177691183771
979.72715134,15.652758594113664
980.12701678,15.66947008264972
980.52684391,15.704489998279719
980.92663271,15.731704172850266
981.32638316,15.729228231685527
981.72609525,15.760746057016366
982.12576895,15.79332404352209
982.52540424,15.802157476821876
982.92500111,15.84060158327145
983.32455953,15.836416974969444
983.72407949,15.86103567877838
984.12356097,15.868063309583404
984.52300394,15.88088819713044
984.9224084,15.855246062917645
985.32177431,15.864687725117326
985.72110167,15.886462777059737
986.12039045,15.878506512875369
986.51964064,15.878801556225733
986.9188522,15.904915097455692
987.31802514,15.912506855171268
987.71715942,15.8999207169714
988.11625502,15.924365609344525
988.51531193,15.916029493503029
988.91433014,15.93735978736472
989.31330961,15.903132511312807
989.71225033,15.929583267068903
990.11115229,15.953296229921502
990.51001546,15.987717199541795
990.90883982,15.920112767236724
991.30762535,15.915889867171405
991.70637204,15.901948264534226
992.10507987,15.940904618456095
992.50374881,15.92457683491759
992.90237886,15.986702283712201
993.30096998,16.047694576197983
993.69952216,16.209007304822293
994.09803538,16.233328328849783
994.49650962,16.306670477559283
994.89494487,16.384100029529357
995.2933411,16.419648725305173
995.6916983,16.582938673021445
996.09001644,16.592307140647193
996.4882955,16.675699557274708
996.88653548,16.80817385095943
997.28473634,16.946118892115894
997.68289807,16.98139571838592
998.08102066,17.038294983949353
998.47910407,17.02940167406084
998.87714829,17.10732374720741
999.27515331,17.195933960007117
999.6731191,17.26132499774906
1000.07104565,17.450078417022656
1000.46893293,17.538264197963983
1000.86678093,17.73508346921949
1001.26458963,17.891081823517705
1001.66235901,18.10949384797799
1002.06008904,18.21592336426649
1002.45777972,18.317001926290455
1002.85543101,18.397455370596635
1003.25304291,18.703652452216666
1003.65061539,18.944968327405135
1004.04814844,19.086592278656962
1004.44564203,19.339662808070596
1004.84309615,19.637608961351958
1005.24051077,19.775556345039263
1005.63788588,19.897543590136934
1006.03522146,20.0374444189902
1006.43251749,20.35354410988927
1006.82977395,20.517733543337545
1007.22699082,20.572686025324217
1007.62416809,20.790109822757145
1008.02130573,20.827016060879238
1008.41840372,21.15946564619098
1008.81546205,21.421854676460306
1009.21248069,21.64126437168008
1009.60945963,22.011412083011738
1010.00639885,22.525967716298386
1010.40329832,22.796431483760173
1010.80015804,23.361411566512093
1011.19697798,23.60829960624567
1011.59375812,23.832807081372952
1011.99049844,24.331281938549843
1012.38719893,24.61917145444608
1012.78385955,24.895346473244945
1013.18048031,25.228997158954456
1013.57706117,25.66724669318769
1013.97360212,26.009531666227463
1014.37010314,26.436262700569554
1014.7665642,26.708535765281763
1015.1629853,27.025185348052563
1015.55936641,27.201281068461434
1015.95570751,27.452653549833336
1016.35200858,27.70843774458198
1016.7482696,27.722555488018944
1017.14449056,28.073721649013184
1017.54067144,28.46177809203544
1017.93681221,28.7630894649342
1018.33291286,28.88278939780564
1018.72897337,29.023553686532686
1019.12499372,29.366142981863245
1019.52097388,30.031906951917712
1019.91691385,30.51051487284417
1020.3128136,31.149403195587883
