wavelength;reflectance
350,1661362;90,9426871927145
350,60193709;90,9442148574256
351,03772818;90,9457121988671
351,47350942;90,9471793741899
351,90928082;90,9486165407337
352,34504234;90,9500238556545
352,78079397;90,9514014761918
353,21653569;90,9527495595362
353,65226748;90,9540682628624
354,08798932;90,9553577433292
354,5237012;90,9566181581081
354,95940309;90,957849664296
355,39509497;90,9590524190038
355,83077683;90,9602265793526
356,26644864;90,9613723023929
356,70211039;90,9624897452121
357,13776206;90,9635790648541
357,57340363;90,9646404183461
358,00903508;90,9656739626991
358,44465639;90,9666798549073
358,88026755;90,9676582519706
359,31586852;90,9686093108051
359,7514593;90,9695331883986
360,18703986;90,9704300416563
360,62261019;90,9713000275083
361,05817026;90,9721433028273
361,49372007;90,9729600245266
361,92925958;90,973750349426
362,36478878;90,9745144343851
362,80030765;90,9752524362269
363,23581617;90,9759645117572
363,67131432;90,9766508177642
364,10680209;90,9773115110339
364,54227945;90,9779467483035
364,97774638;90,9785566863089
365,41320287;90,9791414817814
365,8486489;90,9797012914197
366,28408445;90,9802362719047
366,71950949;90,980746579888
367,15492401;90,9812323720273
367,590328;90,9816938049601
368,02572142;90,9821310352743
368,46110427;90,9825442195809
368,89647652;90,9829335144422
369,33183815;90,9832990764129
369,76718915;90,9836410620366
370,2025295;90,9839596278294
370,63785917;90,9842549302825
371,07317815;90,9845271258825
371,50848642;90,9847763710899
371,94378395;90,9850028223417
372,37907074;90,9852066360714
372,81434676;90,9853879686777
373,24961199;90,985546976546
373,68486642;90,9856838160457
374,12011002;90,9857986435202
374,55534277;90,9858916152981
374,99056467;90,9859628876911
375,42577567;90,9860126169837
375,86097578;90,9860409594491
376,29616497;90,9860480713358
376,73134321;90,9860341088748
377,1665105;90,9859992282764
377,6016668;90,9859435857336
378,03681211;90,9858673374155
378,47194641;90,9857706394727
378,90706966;90,9856536480421
379,34218187;90,9855165192272
379,777283;90,9853594091256
380,21237303;90,9851824738098
380,64745196;90,9849858693228
381,08251975;90,9847697517049
381,5175764;90,9845342769568
381,95262187;90,9842796010802
382,38765616;90,9840058800337
382,82267924;90,9837132697729
383,25769109;90,9834019262274
383,6926917;90,9830720052984
384,12768105;90,9827236628731
384,56265911;90,9823570548267
384,99762586;90,9819723370063
385,4325813;90,9815696652193
385,8675254;90,9811491952785
386,30245813;90,9807110829776
386,73737949;90,9802554840586
387,17228945;90,9797825542729
387,60718799;90,9792924493405
388,04207509;90,9787853249605
388,47695074;90,9782613367983
388,91181492;90,9777206405091
389,3466676;90,9771633917398
389,78150877;90,9765897460906
390,21633841;90,9759998591524
390,6511565;90,9753938864945
391,08596302;90,9747719836646
391,52075795;90,9741343061885
391,95554127;90,9734810095704
392,39031297;90,972812249277
392,82507302;90,9721281807836
393,2598214;90,9714289595284
393,6945581;90,9707147409112
394,1292831;90,969985680325
394,56399638;90,9692419331407
394,99869791;90,9684836547248
395,43338769;90,9677110003685
395,86806568;90,9669241254114
396,30273188;90,9661231850987
396,73738625;90,9653083347263
397,1720288;90,9644797294737
397,60665948;90,9633088041067
398,04127829;90,9625015292257
398,47588521;90,9616885746863
398,91048022;90,9608699409943
399,34506329;90,9600456286754
399,77963441;90,9592156382188
400,21419356;90,9583799701333
400,64874072;90,9575386249288
401,08327588;90,9566916030968
401,517799;90,9558389051881
401,95231008;90,9549805316766
402,3868091;90,9541164830759
402,82129603;90,9532467599208
403,25577086;90,9523713627072
403,69023356;90,9514902919722
404,12468412;90,9506035482136
404,55912252;90,9497111319502
404,99354874;90,9488130437018
405,42796276;90,9479092839895
405,86236457;90,946999853314
406,29675414;90,9460847522192
406,73113145;90,9451639812291
407,16549648;90,9442375408687
407,59984922;90,9433054316426
408,03418965;90,9423676540775
408,46851774;90,941424208723
408,90283349;90,9404750960645
409,33713686;90,9395203166754
409,77142784;90,9385598710649
410,20570642;90,9375937597426
410,63997256;90,9366219832858
411,07422626;90,9356445421839
411,50846749;90,9346614369941
411,94269624;90,9336726682296
412,37691248;90,9326782364502
412,81111621;90,9316781421477
413,24530738;90,9306723859302
413,679486;90,9296609682681
414,11365204;90,9286438897255
414,54780547;90,9276211508677
414,98194629;90,9265927521906
415,41607447;90,9255586942615
415,85018999;90,9245189776255
416,28429284;90,9234736028044
416,71838299;90,9224225703691
417,15246043;90,9213658808432
417,58652514;90,9203035347755
418,02057709;90,9192355327403
418,45461627;90,9181618752641
418,88864266;90,9170825628986
419,32265625;90,9159975961716
419,756657;90,9149069756869
420,19064491;90,9138107019493
420,62461995;90,9127087755396
421,0585821;90,911601197015
421,49253135;90,9104879669076
421,92646768;90,9093690857761
422,36039106;90,9082445542062
422,79430148;90,9071143727328
423,22819892;90,9059785419177
423,66208336;90,9048370623237
424,09595478;90,9036899345145
424,52981316;90,902537159055
424,96365849;90,9013787364844
425,39749074;90,9002146673959
425,83130989;90,8990449523576
426,26511593;90,8978695919113
426,69890883;90,8966885866538
427,13268858;90,8955019371287
427,56645516;90,8943096439078
428,00020855;90,8931117075638
428,43394873;90,8919081286703
428,86767568;90,8906989078021
429,30138939;90,889484045507
429,73508982;90,8882635424177
430,16877697;90,887037399056
430,60245081;90,8858056160287
431,03611133;90,8845681938871
431,46975851;90,8833251332119
431,90339232;90,8820764346134
432,33701276;90,8808220986168
432,77061979;90,8795621258635
433,2042134;90,8782965169093
433,63779357;90,87702527234
434,07136029;90,8757483927127
434,50491352;90,8744658786742
434,93845327;90,8731777307243
435,37197949;90,8718839495419
435,80549219;90,870584535628
436,23899132;90,8692794896642
436,67247689;90,867968812153
437,10594887;90,8666525037181
437,53940723;90,8653305649845
437,97285197;90,8640029964868
438,40628306;90,8626697988523
438,83970048;90,8613309726785
439,27310421;90,8599865185641
439,70649424;90,8586364370778
440,13987054;90,8572807288512
440,5732331;90,8559193944546
441,00658189;90,8545524345222
441,4399169;90,853179849626
441,87323811;90,8518016403705
442,30654551;90,8504178073293
442,73983906;90,8490283511727
443,17311875;90,8476332724766
443,60638457;90,8462325718171
444,03963649;90,844826249836
444,47287449;90,843414307144
444,90609856;90,8419967443199
445,33930868;90,8405735619762
445,77250482;90,8391447607593
446,20568697;90,8377103412507
446,63885511;90,8362703040659
447,07200922;90,8348246498213
447,50514928;90,8333733791344
447,93827527;90,8319164926238
448,37138718;90,8304539908751
448,80448497;90,8289858745764
449,23756865;90,8275121442474
449,67063818;90,8260328005785
450,10369354;90,8245478441932
450,53673472;90,8230572756818
450,9697617;90,8215610956695
451,40277446;90,8200593047828
451,83577298;90,8185519036489
452,26875725;90,8170388928613
452,70172723;90,8155202731192
453,13468291;90,8139960450183
453,56762428;90,8124662091545
454,00055132;90,8109307661601
454,433464;90,8093897167038
454,8663623;90,8078430614202
455,29924622;90,806290800873
455,73211572;90,8047329357701
456,16497079;90,803169466713
456,59781142;90,8016003943036
457,03063757;90,8000257192538
457,46344923;90,7984454421677
457,89624639;90,7968595636498
458,32902903;90,7952680843423
458,76179711;90,793671004962
459,19455064;90,7920683260425
459,62728958;90,7904600483029
460,06001392;90,7888461723523
460,49272363;90,7872266988753
460,92541871;90,7856016284452
461,35809913;90,7839709617486
461,79076486;90,7823346994734
462,22341591;90,7806928421573
462,65605223;90,7790453905662
463,08867382;90,7773923452771
463,52128065;90,7757337069824
463,95387271;90,7740694762988
464,38644998;90,7723996538823
464,81901243;90,7707242404287
465,25156005;90,7690432365573
465,68409283;90,7673566428883
466,11661073;90,7656644601596
466,54911374;90,7639666889933
466,98160185;90,7622633300122
467,41407503;90,7605543839184
467,84653327;90,7588398513365
468,27897654;90,7571197329711
468,71140483;90,7553940294483
469,14381811;90,7536627414752
469,57621637;90,7519258696796
470,0085996;90,7501834146902
470,44096776;90,7484353772574
470,87332084;90,7466817580119
471,30565882;90,7449225576257
471,73798169;90,7431577767308
472,17028942;90,7413874160418
472,602582;90,7396114761927
473,0348594;90,7378299579002
473,4671216;90,7360428618416
473,8993686;90,7342501886117
474,33160036;90,7324519389723
474,76381687;90,7306481135617
475,19601811;90,7288387130606
475,62820407;90,7270237381088
476,06037471;90,7252031894731
476,49253003;90,723377067753
476,92467;90,7215453736754
477,35679461;90,7197081078836
477,78890383;90,7178652711069
478,22099765;90,7160168639903
478,65307605;90,7141628872224
479,085139;90,7123033415358
479,5171865;90,7104382275351
479,94921851;90,7085675459982
480,38123503;90,7066912975311
480,81323602;90,7048094829143
481,24522149;90,7029221027117
481,67719139;90,7010291577498
482,10914572;90,6991306486377
482,54108446;90,6972265760728
482,97300758;90,6953169407976
483,40491507;90,6934017434676
483,83680691;90,6914809847832
484,26868308;90,6895546654459
484,70054356;90,6876227861579
485,13238833;90,685685347623
485,56421738;90,6837423505004
485,99603067;90,6817937955856
486,4278282;90,6798396834951
486,85960995;90,6778800149359
487,29137589;90,6759147906617
487,72312601;90,6739440113366
488,15486029;90,6719676776706
488,5865787;90,6699857904211
489,01828124;90,6679983502084
489,44996788;90,6660053577918
489,8816386;90,6640068138854
490,31329338;90,6620027192047
490,7449322;90,6599930744659
491,17655505;90,6579778803398
491,6081619;90,655957137591
492,03975274;90,6539308468921
492,47132755;90,6518990089631
492,90288631;90,649861624525
493,33442899;90,6478186943472
493,76595559;90,6457702190583
494,19746607;90,6437161994772
494,62896043;90,6416566362338
495,06043864;90,6395915301019
495,49190069;90,6375208817605
495,92334655;90,6354446919856
496,3547762;90,6333629615064
496,78618963;90,6312756910047
497,21758682;90,6291828812113
497,64896774;90,6270845329067
498,08033239;90,6249806467267
498,51168074;90,6228712234535
498,94301276;90,6207562638714
499,37432845;90,618635768618
499,80562778;90,6165097384794
500,23691074;90,614378174144
500,6681773;90,6122410764
501,09942745;90,6100984459376
501,53066116;90,6079502835475
501,96187842;90,6057965899215
502,39307921;90,6036373658023
502,82426351;90,6014726119338
503,2554313;90,5993023290604
503,68658256;90,5971265179279
504,11771727;90,5949451792831
504,54883542;90,592758313823
504,97993698;90,5905659223467
505,41102193;90,588368005604
505,84209026;90,5861645642947
506,27314195;90,58395559917
506,70417698;90,5817411109825
507,13519532;90,5795211005372
507,56619696;90,5772955685371
507,99718189;90,5750645156859
508,42815007;90,5728279428438
508,8591015;90,5705858506643
509,29003615;90,5683382399579
509,72095401;90,5660851114317
510,15185505;90,5638264658984
510,58273926;90,5615623040669
511,01360661;90,5592926267523
511,44445709;90,5570174346651
511,87529069;90,5547367285166
512,30610737;90,552450509178
512,73690712;90,5501587773626
513,16768992;90,5478615338377
513,59845576;90,5455587793181
514,02920461;90,5432505146262
514,45993645;90,5409367405325
514,89065127;90,5386174577543
515,32134905;90,5362926670636
515,75202976;90,5339623692876
516,18269339;90,5316265651462
516,61333992;90,5292852554144
517,04396933;90,5269384408684
517,4745816;90,524586122285
517,90517671;90,5222283004423
518,33575465;90,5198649760645
518,76631539;90,5174961499862
519,19685891;90,5151218229886
519,6273852;90,5127419957983
520,05789424;90,5103566691981
520,488386;90,5079658440273
520,91886048;90,5055695209595
521,34931764;90,5031677008918
521,77975747;90,5007603845555
522,21017995;90,4983475727382
522,64058507;90,4959292661724
523,07097279;90,4935054657604
523,50134312;90,4910761721238
523,93169601;90,4886413862236
524,36203147;90,4862011086826
524,79234945;90,4837553404646
525,22264996;90,4813040821938
525,65293297;90,4788473347225
526,08319845;90,4763850989043
526,5134464;90,4739173754223
526,94367678;90,4714441651898
527,37388959;90,4689654688913
527,8040848;90,4664812873848
528,2342624;90,4639916214138
528,66442236;90,4614964718385
529,09456467;90,4589958394044
529,5246893;90,456489724974
529,95479624;90,4539781292943
530,38488547;90,4514610531716
530,81495697;90,4489384974131
531,24501072;90,446410462827
531,67504671;90,4438769501635
532,1050649;90,4413379603508
532,53506529;90,438793494082
532,96504785;90,4362435522283
533,39501257;90,4336881355435
533,82495942;90,4311272449012
534,25488839;90,4285608810568
534,68479946;90,4259890448263
535,11469261;90,4234117370265
535,54456782;90,4208289584755
535,97442507;90,4182407099922
536,40426434;90,4156469923965
536,83408561;90,4130478065093
537,26388887;90,410443153092
537,69367409;90,4078330330279
538,12344125;90,4052174471411
538,55319035;90,4025963961343
538,98292135;90,3999698809553
539,41263423;90,3973379024309
539,84232899;90,3947004612664
540,2720056;90,3920575583515
540,70166404;90,3894091945158
541,13130429;90,3867553705901
541,56092633;90,384096087406
541,99053015;90,381431345734
542,42011572;90,3787611464697
542,84968303;90,3760854903854
543,27923205;90,3734043783788
543,70876277;90,3707178112241
544,13827517;90,3680257897585
544,56776923;90,3653283148204
544,99724493;90,3626253872491
545,42670225;90,3599170078849
545,85614117;90,3572031775691
546,28556168;90,3544838970808
546,71496375;90,3517591673263
547,14434736;90,3490289891501
547,5737125;90,3462933633337
548,00305915;90,3435522907232
548,43238728;90,3408057722295
548,86169688;90,3380538086368
549,29098794;90,3352964007298
549,72026042;90,3325335494871
550,14951431;90,3297652556954
550,5787496;90,3269915201421
551,00796626;90,3428992432569
551,43716427;90,3396615718601
551,86634362;90,3364215713901
552,29550429;90,3331791467517
552,72464625;90,329934202951
553,15376949;90,3266866448681
553,58287399;90,3234363774844
554,01195973;90,3201833058067
554,44102669;90,3169273348674
554,87007485;90,3136683697246
555,29910419;90,3104063154619
555,7281147;90,3071410771127
556,15710635;90,3038725598882
556,58607912;90,3006006689493
557,015033;90,2973253094065
557,44396797;90,2940463864722
557,87288401;90,2907638053848
558,3017811;90,2874774714084
558,73065921;90,2841872899103
559,15951834;90,2808931660533
559,58835846;90,2775950052565
560,01717955;90,2742927128883
560,4459816;90,2709861942664
560,87476458;90,2676753548885
561,30352847;90,2643601002017
561,73227326;90,2610403356019
562,16099893;90,2577159665886
562,58970546;90,2543868986875
563,01839282;90,2510530375285
563,44706101;90,2477142885346
563,87571;90,2443705573886
564,30433977;90,2410217497221
564,7329503;90,2376677711932
565,16154157;90,2343085274866
565,59011358;90,2309439241565
566,01866628;90,2275738671763
566,44719967;90,2241982621535
566,87571373;90,2208170148792
567,30420844;90,2174300311714
567,73268378;90,2140372168748
568,16113973;90,210638477861
568,58957627;90,2072337200286
569,01799338;90,2038228493031
569,44639105;90,2004057715572
569,87476924;90,19698239293
570,30312796;90,1935526191882
570,73146717;90,1901163565251
571,15978685;90,1866735110018
571,588087;90,1832239885451
572,01636758;90,179767695431
572,44462858;90,1763045377212
572,87286998;90,1728344215852
573,30109177;90,1693572531386
573,72929391;90,165872938768
574,1574764;90,1623813845624
574,58563922;90,1588824968004
575,01378234;90,1553761818702
575,44190574;90,1518623461061
575,87000941;90,1483408957875
576,29809333;90,1448117373034
576,72615748;90,1412747770706
577,15420184;90,1377299215332
577,58222639;90,1341770771635
578,01023111;90,1306161504613
578,43821598;90,1270470479544
578,86618099;90,1234696761147
579,29412611;90,1198839416092
579,72205133;90,1162897509651
580,14995662;90,1126870109058
580,57784197;90,1090756280142
581,00570736;90,1054555089855
581,43355276;90,1018265606275
581,86137817;90,0981886895221
582,28918356;90,0945418025333
582,7169689;90,0908858065546
583,1447342;90,0872206081651
583,57247941;90,0835461144859
584,00020453;90,0798622322378
584,42790954;90,0761688683414
584,85559441;90,072465929832
585,28325913;90,0687533236008
585,71090368;90,0650309566536
586,13852803;90,0612987361121
586,56613218;90,0575565688648
586,9937161;90,0538043620903
587,42127977;90,050042022909
587,84882317;90,0462694584699
588,27634629;90,0424865758621
588,7038491;90,0386932823801
589,13133159;90,0348894851703
589,55879373;90,0310750915856
589,98623551;90,0272500088294
590,41365691;90,0234141442231
590,84105791;90,019567405117
591,26843849;90,0157096988904
591,69579863;90,0118409329519
592,12313831;90,0079610147389
592,55045752;90,0040698516268
592,97775623;90,0001673512024
593,40503442;89,9962534209905
593,83229208;89,9923279684536
594,25952919;89,9883909011746
594,68674573;89,9844421267655
595,11394167;89,9804815529609
595,541117;89,9765090873394
595,96827171;89,972524637508
596,39540576;89,9685281113834
596,82251915;89,9645194165377
597,24961185;89,9604984608536
597,67668385;89,9564651520551
598,10373512;89,9524193980847
598,53076564;89,9483611068202
598,95777541;89,9442901859787
599,38476439;89,9402065436874
599,81173257;89,9361100878176
600,23867993;89,9320007263657
600,66560645;89,927878367358
601,09251211;89,9237429188505
601,5193969;89,9195942888321
601,94626078;89,9154323856134
602,37310376;89,9112571170475
602,7999258;89,9070683915055
603,22672688;89,9028661171938
603,65350699;89,8986502022499
604,08026611;89,8944205549399
604,50700422;89,8901770835598
604,9337213;89,8859196964358
605,36041733;89,8816483019249
605,78709229;89,8773628084139
606,21374616;89,8730631243204
606,64037893;89,868749157991
607,06699057;89,8644208180046
607,49358107;89,8600780127683
607,9201504;89,8557206509228
608,34669856;89,8513486408328
608,77322551;89,846961891303
609,19973124;89,8425603108614
609,62621572;89,8381438082728
610,05267896;89,8337122919178
610,47912091;89,8292656708302
610,90554156;89,8248038536597
611,3319409;89,8203267490855
611,75831891;89,8158342659216
612,18467556;89,8113263131191
612,61101083;89,8068027995551
613,03732472;89,8022636339245
613,46361719;89,7977087253784
613,88988823;89,7931379827797
614,31613782;89,7885513151288
614,74236595;89,7839486313492
615,16857258;89,7793298407195
615,59475771;89,7746948521171
616,02092131;89,7700435747754
616,44706337;89,7653759177415
616,87318386;89,7606917903124
617,29928278;89,7559911014864
617,72536008;89,7512737608449
618,15141577;89,7465396773377
618,57744982;89,7417887603878
619,0034622;89,7370209194519
619,42945291;89,732236063682
619,85542192;89,7274341025974
620,28136922;89,7226149455241
620,70729478;89,7177785020454
621,13319858;89,7129246816643
621,55908061;89,7080533938007
621,98494085;89,7031645480198
622,41077927;89,6982580540339
622,83659587;89,6933338212417
623,26239061;89,6883917595352
623,68816348;89,6834317784919
624,11391447;89,6784537877197
624,53964355;89,6734576970918
624,9653507;89,6684434163973
625,39103591;89,6634108553389
625,81669915;89,6583599238877
626,24234041;89,6532905318101
626,66795966;89,6482025891424
627,09355689;89,6430960057147
627,51913209;89,6379706913874
627,94468522;89,6328265564152
628,37021627;89,6276635107238
628,79572523;89,6224814642696
629,22121207;89,6172803272849
629,64667677;89,612060009913
630,07211931;89,6068204223302
630,49753969;89,6015614744973
630,92293786;89,5962830770259
631,34831383;89,590985139817
631,77366756;89,5856675734251
632,19899905;89,5803302879384
632,62430826;89,5749731939786
633,04959519;89,5695962016976
633,4748598;89,5641992217849
633,90010209;89,5587821644562
634,32532203;89,5533449403407
634,75051961;89,5478874598452
635,17569481;89,5424096335368
635,6008476;89,5369113721452
636,02597797;89,5313925861751
636,45108589;89,5258531864234
636,87617136;89,5202930833288
637,30123435;89,5147121877544
637,72627483;89,5091104105982
638,15129281;89,5034876622632
638,57628824;89,4978438539784
639,00126112;89,4921788963441
639,42621142;89,4864927003923
639,85113913;89,4807851769213
640,27604422;89,475056237031
640,70092669;89,4693057914502
641,1257865;89,4635337514813
641,55062364;89,457740028055
641,97543809;89,4519245322702
642,40022983;89,4460871752597
642,82499885;89,4402278680521
643,24974512;89,4343465219846
643,67446862;89,4284430482914
644,09916934;89,4225173581006
644,52384726;89,4165693627123
644,94850235;89,4105989736015
645,3731346;89,4046061019964
645,79774399;89,398590659299
646,2223305;89,3925525569453
646,64689411;89,3864917064052
647,0714348;89,3804080191831
647,49595255;89,3743014068172
647,92044735;89,3681717807352
648,34491917;89,3620190526873
648,769368;89,3558431341686
649,19379381;89,3496439369991
649,61819659;89,3434213727412
650,04257632;89,3371753531372
650,46693298;89,3309057899637
650,89126655;89,3246125950315
651,31557701;89,3182956801863
651,73986434;89,3119549573079
652,16412852;89,3055903383108
652,58836954;89,2992017349934
653,01258737;89,2927890594889
653,436782;89,2863522236638
653,8609534;89,279891139722
654,28510156;89,2734057195981
654,70922646;89,2668958754129
655,13332808;89,2603615193221
655,5574064;89,2538025635161
655,9814614;89,2472189202202
656,40549307;89,2406105015387
656,82950137;89,2339772200784
657,2534863;89,2273189878567
657,67744784;89,2206357172369
658,10138596;89,2139273207763
658,52530064;89,2071937109101
658,94919188;89,2004347997896
659,37305964;89,1936505002374
659,79690391;89,1868407246337
660,22072468;89,1800053853914
660,64452191;89,1731443954425
661,0682956;89,1662576671084
661,49204572;89,1593451132311
661,91577225;89,1524066465264
662,33947518;89,1454421795808
662,76315449;89,1384516251793
663,18681015;89,1314348963081
663,61044215;89,1243919056584
664,03405047;89,1173225661218
664,45763509;89,1102267906255
664,88119598;89,1031044923006
665,30473314;89,0959555838095
665,72824655;89,0887799781843
666,15173617;89,0815775888341
666,575202;89,0743483285245
666,99864402;89,0670921103953
667,4220622;89,0598088477944
667,84545653;89,0524984537623
668,26882699;89,0451608415466
668,69217355;89,0377959246051
669,11549621;89,0304036159094
669,53879494;89,0229838289888
669,96206971;89,0155364774112
670,38532052;89,0080614742527
670,80854735;89,0005587329753
671,23175017;88,9930281672557
671,65492896;88,9854696906302
672,07808371;88,9778832164922
672,5012144;88,9702686584489
672,92432101;88,9626259301437
673,34740351;88,9549549454382
673,7704619;88,9472556176863
674,19349615;88,9395278608216
674,61650623;88,9317715888173
675,03949215;88,9239867149483
675,46245386;88,916173153628
675,88539136;88,9083308183862
676,30830463;88,9004596231566
676,73119364;88,8925594820968
677,15405838;88,8846303090283
677,57689882;88,8766720181833
677,99971496;88,8686845232664
678,42250677;88,860667738583
678,84527423;88,8526215782874
679,26801732;88,8445459565712
679,69073602;88,8364407876626
680,11343032;88,8283059856343
680,53610019;88,8201414649798
680,95874562;88,8119471398446
681,38136658;88,8037229247979
681,80396307;88,795468733862
682,22653505;88,7871844818763
682,64908251;88,7788700831318
683,07160543;88,7705254521517
683,49410379;88,7621505034964
683,91657758;88,7537451515643
684,33902677;88,7453093111886
684,76145134;88,7368428970416
685,18385128;88,728345823632
685,60622656;88,7198180059071
686,02857717;88,7112593584489
686,45090309;88,7026697960777
686,8732043;88,6940492336513
687,29548077;88,6853975862705
687,7177325;88,6767147684586
688,13995946;88,6680006953909
688,56216163;88,6592552820759
688,98433899;88,6504784435599
689,40649153;88,641670094718
689,82861923;88,6328301506699
690,25072206;88,6239585267835
690,67280001;88,6150551380453
691,09485305;88,6061198999006
691,51688118;88,5971527271975
691,93888436;88,5881535356701
692,36086259;88,5791222402395
692,78281583;88,570058756719
693,20474408;88,5609630001027
693,62664732;88,5518348858501
694,04852552;88,5426743296762
694,47037866;88,5334812471193
694,89220673;88,5242555535367
695,31400971;88,5149971645408
695,73578757;88,505705996003
696,15754031;88,4963819631718
696,57926789;88,4870249822171
697,00097031;88,4776349684609
697,42264753;88,4682118381531
697,84429955;88,4587555066897
698,26592635;88,4492658899499
698,6875279;88,4397429040776
699,10910418;88,4301864650317
699,53065518;88,4205964885816
699,95218088;88,410972890761
700,37368126;88,4013155876423
700,7951563;88,3916244953369
701,21660597;88,3818995302258
701,63803027;88,3721406080364
702,05942917;88,3623476452268
702,48080265;88,3525205580636
702,9021507;88,342659262618
703,32347329;88,3327636754673
703,74477041;88,3228337127591
704,16604204;88,3128692909135
704,58728815;88,3028703266276
705,00850873;88,2928367361638
705,42970376;88,2827684360594
705,85087322;88,2726653428915
706,2720171;88,2625273730347
706,69313536;88,2523544436259
707,114228;88,2421464708764
707,53529499;88,2319033717614
707,95633632;88,2216250628096
708,37735196;88,2113114610766
708,7983419;88,2009624831684
709,21930612;88,1905780459741
709,6402446;88,1801580664222
710,06115731;88,1697024617299
710,48204425;88,159211148408
710,90290539;88,1486840437521
711,32374071;88,1381210648491
711,7445502;88,1275221285736
712,16533383;88,1168871523425
712,58609158;88,1062160533623
713,00682344;88,095508748624
713,42752939;88,0847651554111
713,84820941;88,0739851910466
714,26886347;88,0631687731514
714,68949157;88,052315818614
715,11009368;88,0414262451343
715,53066977;88,0304999704556
715,95121984;88,0195369115813
716,37174387;88,008536986072
716,79224183;87,9975001117913
717,2127137;87,9864262063826
717,63315947;87,9753151872649
718,05357912;87,9641669721595
718,47397263;87,9529814788278
718,89433997;87,941758625339
719,31468114;87,9304983290013
719,7349961;87,9192005082331
720,15528485;87,9078650804195
720,57554736;87,8964919637922
720,99578362;87,8850810760832
721,4159936;87,8736323356068
721,83617729;87,8621456601743
722,25633466;87,8506209681829
722,6764657;87,8390581775232
723,09657039;87,8274572063991
723,51664871;87,8158179730552
723,93670063;87,8041403960556
724,35672615;87,7924243931702
724,77672524;87,7806698830436
725,19669789;87,7688767838022
725,61664407;87,7570450141742
726,03656376;87,745174492649
726,45645695;87,733265137473
726,87632362;87,7213168672149
727,29616374;87,7093296007701
727,7159773;87,6973032565054
728,13576429;87,6852377528246
728,55552467;87,6731330090352
728,97525843;87,6609889436243
729,39496556;87,6488054751164
729,81464603;87,6365825226566
730,23429983;87,6243200048499
730,65392692;87,6120178412195
731,07352731;87,5996759498648
731,49310096;87,5872942503927
731,91264786;87,5748726615696
732,33216799;87,562411102497
732,75166133;87,5499094923178
733,17112786;87,5373677502164
733,59056756;87,5247857954188
734,00998042;87,5121635468911
734,4293664;87,4995009245444
734,8487255;87,4867978471253
735,2680577;87,4740542340234
735,68736298;87,4612700046699
736,10664131;87,448445078844
736,52589267;87,4355793760633
736,94511706;87,4226728152705
737,36431445;87,4097253163703
737,78348482;87,3967367990028
738,20262815;87,3837071828501
738,62174442;87,3706363876362
739,04083362;87,3575243328136
739,45989572;87,3443709385017
739,87893071;87,3311761242353
740,29793856;87,3179398102197
740,71691926;87,3046619160717
741,13587279;87,2913423617648
741,55479913;87,2779810673144
741,97369826;87,2645779527782
742,39257016;87,2511329382563
742,81141481;87,2376459438909
743,23023219;87,2241168898666
743,64902229;87,2105456960858
744,06778508;87,1969322831404
744,48652055;87,1832765710154
744,90522868;87,169578480062
745,32390944;87,1558379310024
745,74256282;87,1420548439463
746,1611888;87,1282291393722
746,57978736;87,1143607378015
746,99835849;87,1004495594652
747,41690215;87,0864955256346
747,83541834;87,0724985562921
748,25390703;87,0584585724626
748,67236821;87,0443754945438
749,09080185;87,0302492436482
749,50920794;87,0160797402571
749,92758646;87,0018669052305
750,34593739;86,9876106594715
750,7642607;86,9733109242682
751,18255639;86,958967619926
751,60082443;86,9445806678181
752,0190648;86,9626579567766
752,43727748;86,9495530177578
752,85546246;86,9362630311582
753,27361971;86,9227912901746
753,69174922;86,9091410860977
754,10985097;86,8953157092686
754,52792493;86,8813184491056
754,94597109;86,867152593091
755,36398944;86,8528214274252
755,78197994;86,838328238066
756,19994258;86,8236763086828
756,61787735;86,8088689216513
757,03578422;86,7939093587792
757,45366318;86,7788008998902
757,8715142;86,763546824255
758,28933727;86,7481504091354
758,70713236;86,7326149312508
759,12489946;86,7169436653003
759,54263856;86,7011398846918
759,96034962;86,6852068626847
760,37803263;86,6691478701221
760,79568758;86,652966176553
761,21331443;86,6366650514047
761,63091318;86,620247761258
762,04848381;86,6037175721787
762,46602629;86,587077749344
762,88354061;86,5703315558456
763,30102674;86,5534822542822
763,71848468;86,5365331047487
764,13591439;86,5194873676607
764,55331586;86,5023483009233
764,97068908;86,4851191611343
765,38803401;86,4678032048379
765,80535065;86,4504036856079
766,22263898;86,432923856557
766,63989896;86,4153669703328
767,0571306;86,39773627617
767,47433386;86,3800350241129
767,89150873;86,3622664616256
768,30865518;86,3444338357209
768,72577321;86,3265403908103
769,14286278;86,3085893717188
769,55992389;86,2905840202297
769,97695651;86,2725275781126
770,39396062;86,2544232853908
770,81093621;86,2362743803355
771,22788325;86,2180841007698
771,64480173;86,1998556823272
772,06169163;86,1815923597607
772,47855292;86,1632973669395
772,89538559;86,1449739355293
773,31218962;86,1266252963191
773,72896499;86,1082546787693
774,14571169;86,0898653105746
774,56242968;86,0714604194195
774,97911896;86,0530432299072
775,3957795;86,0346169666261
775,81241129;86,0161848519527
776,22901431;85,9977501073744
776,64558853;85,9793159534883
777,06213394;85,9608856086707
777,47865052;85,9424622904036
777,89513825;85,9240492148343
778,3115971;85,9056495972134
778,72802708;85,8872666496816
779,14442814;85,8689035856922
779,56080028;85,8505636151484
779,97714347;85,8322499479331
780,39345769;85,8139657921437
780,80974294;85,7957143536535
781,22599918;85,777498838746
781,6422264;85,7593224510392
782,05842457;85,7411883936734
782,47459369;85,7230998671357
782,89073373;85,7050600718677
783,30684467;85,6870722065144
783,72292649;85,6691394683798
784,13897918;85,6512650529663
784,55500271;85,6334521552916
784,97099707;85,6157039681543
785,38696224;85,598023683417
785,80289819;85,5804144920157
786,21880491;85,5628795826649
786,63468238;85,5454221431485
787,05053057;85,5280453602952
787,46634949;85,5107524179091
787,88213909;85,493546500919
788,29789936;85,4764307912258
788,71363029;85,4594084693628
789,12933186;85,4424827149075
789,54500404;85,4256567064745
789,96064681;85,4089336208862
790,37626017;85,4046285438285
790,79184408;85,3863682753065
791,20739853;85,3683048183595
791,62292351;85,3504381318339
792,03841898;85,3327681758293
792,45388494;85,3152949087001
792,86932136;85,2980182900439
793,28472822;85,2809382789963
793,70010551;85,2640548342539
794,11545321;85,2473679148972
794,53077129;85,2308774803662
794,94605974;85,2145834892683
795,36131853;85,1984859009647
795,77654766;85,1825846736222
796,1917471;85,1668797665378
796,60691683;85,1513711385839
797,02205683;85,1360587485984
797,43716709;85,120942555023
797,85224758;85,1060225169976
798,26729829;85,0912985929037
798,68231919;85,0767707418028
799,09731027;85,0624389220169
799,5122715;85,0483030925287
799,92720288;85,0343632112668
800,34210438;85,0206192371499
800,75697597;85,0070711290426
801,17181765;84,9937188447983
801,58662939;84,9805623432176
802,00141118;84,9676015824278
802,41616299;84,9548365211508
802,8308848;84,9422671177551
803,2455766;84,9298933302782
803,66023837;84,9177151170333
804,07487008;84,9057324365859
804,48947173;84,8939452466024
804,90404329;84,8823535055837
805,31858473;84,870957171978
805,73309605;84,859756203376
806,14757722;84,8487505581616
806,56202823;84,8379401941482
806,97644905;84,8273250696411
807,39083966;84,8169051426433
807,80520005;84,8066803708792
808,2195302;84,7966507122969
808,63383009;84,7868161248102
809,0480997;84,7771765662987
809,46233901;84,7677319946073
809,87654799;84,7584823677675
810,29072665;84,7494276428928
810,70487494;84,7405677783878
811,11899286;84,7319027315322
811,53308038;84,7234324602151
811,94713749;84,7151569218779
812,36116416;84,7070760743318
812,77516039;84,6991898747704
813,18912614;84,6914982811244
813,6030614;84,6840012507164
814,01696615;84,6766987410274
814,43084037;84,669590709504
814,84468405;84,6626771133939
815,25849716;84,6559579102493
815,67227968;84,6494330574138
816,0860316;84,6431025120463
816,49975289;84,6369662315821
816,91344354;84,6310241731205
817,32710353;84,6252762938822
817,74073284;84,6197225510537
818,15433144;84,6143629019142
818,56789933;84,6091973033224
818,98143648;84,6042257124937
819,39494287;84,5994480864776
819,80841849;84,5948643821806
820,2218633;84,5904745568052
820,63527731;84,5862785669865
821,04866048;84,582276369854
821,4620128;84,5784679221962
821,87533424;84,574853180956
822,2886248;84,5714321027824
822,70188444;84,5682046446307
823,11511316;84,5651707631
823,52831093;84,562330414992
823,94147773;84,5596835569939
824,35461354;84,5572301457585
824,76771835;84,5549701378523
825,18079213;84,5529034899215
825,59383487;84,5510301584737
826,00684655;84,5493501000391
826,41982715;84,5478632711139
826,83277664;84,5465696281896
827,24569502;84,5454691276309
827,65858225;84,5445617258854
828,07143833;84,5438473792688
828,48426323;84,543326044131
828,89705694;84,542997676758
829,30981943;84,5558198357602
829,72255068;84,560464348514
830,13525068;84,5653715531726
830,54791941;84,5705413897279
830,96055685;84,5759737981251
831,37316298;84,5816687182629
831,78573777;84,5876260898461
832,19828122;84,5938458529695
832,6107933;84,6003279472512
833,023274;84,6070723125711
833,43572328;84,6140788882689
833,84814115;84,6213476144838
834,26052757;84,6288784304568
834,67288252;84,6366712757151
835,08520599;84,6447260899385
835,49749796;84,6530428125811
835,90975842;84,6616213832617
836,32198733;84,6704617409252
836,73418468;84,6795638250917
837,14635046;84,6889275752601
837,55848463;84,6985529301983
837,9705872;84,7084398297927
838,38265813;84,7185882127122
838,7946974;84,7289980180404
839,206705;84,7396691850764
839,61868091;84,7506016528305
840,03062511;84,7617953602665
840,44253757;84,7732502460206
840,85441829;84,7849662495203
841,26626724;84,7969433093159
841,6780844;84,8091813641861
842,08986976;84,8216803531707
842,50162329;84,8344402146618
842,91334498;84,8474608876195
843,3250348;84,860742310331
843,73669274;84,8742844216765
844,14831877;84,8880871598386
844,55991289;84,9021504639626
844,97147506;84,9164742717939
845,38300528;84,9310585224109
845,79450352;84,9459031538054
846,20596976;84,9610081042675
846,61740399;84,976373312418
847,02880618;84,9919987160914
847,44017631;85,0078842534396
847,85151437;85,0240298629644
848,26282034;85,0404354827447
848,6740942;85,0571010508135
849,08533592;85,0740265047428
849,4965455;85,0912117832968
849,90772291;85,1086568239619
850,31886813;85,1263615645872
850,72998114;85,1443259429752
851,14106193;85,1625498973296
851,55211047;85,1810333649274
851,96312674;85,1997762834334
852,37411074;85,2187785913978
852,78506243;85,238040225488
853,1959818;85,2575611237091
853,60686882;85,277341223077
854,01772349;85,2973804620084
854,42854578;85,3176787774339
854,83933568;85,3382361072192
855,25009315;85,3590523876804
855,66081819;85,3801275571014
856,07151078;85,4014615527262
856,48217089;85,4230543112239
856,8927985;85,4449057697274
857,30339361;85,4670158664074
857,71395618;85,4893845372474
858,1244862;85,5120117197974
858,53498366;85,534897351587
858,94544852;85,558041368424
859,35588078;85,5814437083135
859,76628041;85,605104307526
860,1766474;85,6290231034335
860,58698172;85,6532000322026
860,99728335;85,6776350305271
861,40755229;85,7023280362658
861,8177885;85,7272789848366
862,22799197;85,752487813414
862,63816268;85,7779544585287
863,04830061;85,8036788566646
863,45840574;85,8296609442612
863,86847805;85,8559006577112
864,27851753;85,8823979340117
864,68852415;85,9091527088276
865,0984979;85,9361649190773
865,50843876;85,9634345009903
865,9183467;85,9909613900758
866,32822171;86,018745523134
866,73806377;86,0467868362577
867,14787286;86,0750852654936
867,55764895;86,1036407461435
867,96739205;86,132453216263
868,37710211;86,1615226096627
868,78677913;86,190848863626
869,19642308;86,2204319132658
869,60603395;86,2502716950873
870,01561171;86,2803681440997
870,42515635;86,3107211967297
870,83466785;86,3413307886334
871,24414619;86,3721968554213
871,65359135;86,4033193326584
872,06300331;86,434698155864
872,47238206;86,4663332612883
872,88172756;86,4982245828142
873,29103981;86,5303720573833
873,70031878;86,5627756195569
874,10956446;86,5954352054286
874,51877683;86,6283507502642
874,92795586;86,6615221884701
875,33710155;86,6949494568428
875,74621386;86,7286324888776
876,15529278;86,7625712204725
876,5643383;86,7967655875057
876,97335038;86,8312155232983
877,38232902;86,865920964483
877,79127419;86,9008818451233
878,20018588;86,9360981009414
878,60906407;86,9715696667678
879,01790873;86,9957621615332
879,42671984;87,0284230368163
879,8354974;87,0609871175116
880,24424138;87,0934545677965
880,65295176;87,125825552594
881,06162852;87,1581002367727
881,47027164;87,1902787851477
881,8788811;87,2223613624788
882,28745689;87,2543481342534
882,69599898;87,2862392643371
883,10450736;87,3180349181034
883,51298201;87,3497352600875
883,92142291;87,3813404547702
884,32983003;87,4128506658074
884,73820337;87,4442660591133
885,14654289;87,4755867974656
885,55484859;87,5068130466598
885,96312043;87,5379449693733
886,37135842;87,5689827320416
886,77956251;87,5999264964774
887,18773271;87,6307764289925
887,59586898;87,6615326920553
888,0039713;87,6921954495966
888,41203966;87,7227648662403
888,82007405;87,7532411065459
889,22807443;87,7836243327781
889,63604079;87,8139147093876
890,04397312;87,8441124007615
890,45187139;87,8742175697477
890,85973558;87,9042303798826
891,26756568;87,9341509953793
891,67536166;87,9639795789257
892,08312351;87,9937162946193
892,49085121;88,0233613057664
892,89854473;88,0529147748941
893,30620407;88,0823768666471
893,71382919;88,1117477427189
894,12142009;88,1410275676329
894,52897673;88,1702165029794
894,93649911;88,1993147131609
895,34398721;88,2283223610852
895,751441;88,2572396088953
896,15886046;88,2860666193926
896,56624558;88,3148035560266
896,97359634;88,3434505814795
897,38091272;88,3720078583771
897,7881947;88,4004755492883
898,19544225;88,42885381603
898,60265537;88,457142822452
899,00983403;88,485342730255
899,41697822;88,5134537024709
899,82408791;88,5414759006916
900,23116308;88,5694094871455
900,63820372;88,5972546246873
901,04520981;88,6250114754251
901,45218132;88,6526802007311
901,85911824;88,6802609632826
902,26602056;88,7077539256909
902,67288824;88,7351592484841
903,07972127;88,7624770941614
903,48651964;88,7897076251559
903,89328332;88,8168510025026
904,3000123;88,8439073885158
904,70670655;88,8708769441196
905,11336605;88,8977598308491
905,51999079;88,9245562108392
905,92658076;88,9512662461594
906,33313592;88,9778900968514
906,73965626;89,0044279248713
907,14614176;89,0308798914585
907,5525924;89,0572461577957
907,95900816;89,0835268850065
908,36538903;89,1097222348013
908,77173498;89,1358323675395
909,178046;89,1618574448112
909,58432207;89,1877976275018
909,99056316;89,213653075803
910,39676926;89,2394239511235
910,80294035;89,2651104141742
911,20907641;89,2907126256072
911,61517742;89,3162307460163
912,02124336;89,3416649359369
912,42727422;89,3670153564692
912,83326996;89,3922821667823
913,23923059;89,4174655291001
913,64515607;89,4425656024764
914,05104638;89,467582547153
914,45690152;89,4925165245398
914,86272145;89,5173676935262
915,26850616;89,5421362147869
915,67425563;89,566822248322
916,07996984;89,5914259540726
916,48564877;89,6159474919209
916,89129241;89,6403870222911
917,29690073;89,6647447043415
917,70247372;89,6890206983739
918,10801135;89,7132151634318
918,51351361;89,7373282596946
918,91898047;89,7613601460907
919,32441193;89,7853109832663
919,72980795;89,8091809294413
920,13516853;89,832970145135
920,54049363;89,8566787884552
920,94578325;89,8803070197943
921,35103736;89,903854997729
921,75625595;89,9273228819398
922,16143899;89,9507108308875
922,56658647;89,9740190041294
922,97169836;89,99724756001
923,37677465;90,0203966579627
923,78181532;90,0434664567844
924,18682035;90,0664571152119
924,59178972;90,0893687919216
924,99672341;90,11220164553
925,40162141;90,134955835154
925,80648369;90,1576315187243
926,21131023;90,1802288546767
926,61610102;90,2027480019407
927,02085603;90,2251891182714
927,42557525;90,2475523624745
927,83025866;90,2698378927367
928,23490624;90,2920458671852
928,63951796;90,3141764433393
929,04409382;90,3362297802987
929,44863379;90,3582060354591
929,85313785;90,3801053667044
930,25760599;90,4019279323954
930,66203818;90,423673889751
931,06643441;90,4453433970066
931,47079465;90,4669366112627
931,87511889;90,4884536906287
932,27940711;90,5098947926157
932,68365929;90,5312600746735
933,0878754;90,5525496936654
933,49205544;90,5737638079718
933,89619938;90,594902574331
934,30030721;90,6159661504675
934,70437889;90,6369546924818
935,10841442;90,6578683584939
935,51241378;90,678707305518
935,91637694;90,6994716899931
936,3203039;90,720161669838
936,72419462;90,7407774008571
937,12804908;90,761319039823
937,53186728;90,7817867444577
937,93564919;90,8021806708948
938,3393948;90,822500976218
938,74310407;90,8427478159397
939,146777;90,8629213475193
939,55041357;90,8830217273468
939,95401375;90,9030491112537
940,35757752;90,9230036555101
940,76110488;90,9428855173074
941,16459579;90,9626948518003
941,56805025;90,9824318160486
941,97146822;91,0020965650889
942,37484969;91,0216892553639
942,77819465;91,0412100432468
943,18150307;91,0606590840783
943,58477494;91,0800365341027
943,98801022;91,0993425480609
944,39120892;91,1185772830257
944,794371;91,137740893614
945,19749645;91,1568335358118
945,60058525;91,1758553650643
946,00363738;91,1948065367535
946,40665282;91,2136872061985
946,80963155;91,2324975286554
947,21257356;91,2512376597807
947,61547881;91,2699077537742
948,0183473;91,2885079666289
948,42117901;91,3070384533422
948,82397391;91,3254993683911
949,22673199;91,3438908671077
949,62945323;91,3622131042992
950,03213761;91,3804662347097
950,43478511;91,3986504130196
950,8373957;91,4167657933963
951,23996938;91,4348125312927
951,64250613;91,4527907811934
952,04500591;91,4707006966301
952,44746872;91,4885424328547
952,84989454;91,5063161441596
953,25228334;91,5240219843346
953,65463511;91,5416601079868
954,05694983;91,5592306692169
954,45922747;91,5767338216272
954,86146803;91,5941697200603
955,26367148;91,6115385179885
955,6658378;91,6288403692556
956,06796697;91,6460754276413
956,47005898;91,6632438472872
956,8721138;91,6803457814142
957,27413142;91,6973813840318
957,67611181;91,7143508082358
958,07805496;91,7312542079029
958,47996085;91,7480917364208
958,88182946;91,7648635471129
959,28366077;91,781569793237
959,68545476;91,7982106279873
960,08721142;91,8147862049037
960,48893071;91,8312966762254
960,89061263;91,847742195773
961,29225716;91,8641229164757
961,69386427;91,880438990792
962,09543395;91,89669057193
962,49696617;91,912877812221
962,89846092;91,929000864739
963,29991819;91,9450598824872
963,70133794;91,9610550172034
964,10272017;91,9769864221575
964,50406485;91,9928542493578
964,90537196;92,008658651146
965,30664148;92,024399779799
965,7078734;92,0400777879176
966,1090677;92,0556928276425
966,51022435;92,0712450506617
966,91134334;92,0867346093749
967,31242465;92,1021616557256
967,71346826;92,1175263415919
968,11447415;92,1328288187854
968,5154423;92,1480692390524
968,9163727;92,1632477544508
969,31726532;92,1783645162143
969,71812014;92,1934196758906
970,11893715;92,208413385335
970,51971632;92,2233457955871
970,92045764;92,2382170583672
971,32116109;92,2530273249537
971,72182665;92,2677767465593
972,1224543;92,2824654743305
972,52304402;92,2970936593468
972,92359579;92,3116614526219
973,32410959;92,3261690051024
973,72458541;92,3406164680288
974,12502322;92,355003991852
974,52542301;92,3693317276758
974,92578475;92,3835998258206
975,32610843;92,3978084372545
975,72639403;92,4119577125195
976,12664153;92,4260478020914
976,52685091;92,440078856379
976,92702215;92,4540510257238
977,32715523;92,4679644604004
977,72725014;92,4818193109621
978,12730685;92,4956157272014
978,52732534;92,5093538591912
978,9273056;92,5230338572791
979,3272476;92,5366558710601
979,72715134;92,5502200510826
980,12701678;92,5637265464682
980,52684391;92,5771755072895
980,92663271;92,5905670832118
981,32638316;92,6039014238327
981,72609525;92,6171786790138
982,12576895;92,6303989978834
982,52540424;92,6435625298361
982,92500111;92,6566694245267
983,32455953;92,6697198308846
983,72407949;92,6827138984259
984,12356097;92,6956517762702
984,52300394;92,7085336131476
984,9224084;92,7213595586867
985,32177431;92,7341297611613
985,72110167;92,7468443700585
986,12039045;92,759503533838
986,51964064;92,7721074015257
986,9188522;92,7846561211342
987,31802514;92,7971498421794
987,71715942;92,8095887125381
988,11625502;92,8219728806489
988,51531193;92,8343024951901
988,91433014;92,8465777047667
989,31330961;92,8587986569919
989,71225033;92,8709655003356
990,11115229;92,8830783831922
990,51001546;92,8951374532797
990,90883982;92,907142858553
991,30762535;92,9190947468982
991,70637204;92,9309932664302
992,10507987;92,9428385648935
992,50374881;92,9546307896689
992,90237886;92,9663700889547
993,30096998;92,9780566096996
993,69952216;92,9896904996674
994,09803538;93,0012719062582
994,49650962;93,0128009768026
994,89494487;93,0242778588491
995,2933411;93,0357026993004
995,6916983;93,0470756455641
996,09001644;93,0583968444065
996,4882955;93,069666442812
996,88653548;93,0808845882579
997,28473634;93,0920514270224
997,68289807;93,1031671061599
998,08102066;93,1142317726502
998,47910407;93,125245572571
998,87714829;93,1362086527637
999,27515331;93,1471211599963
999,6731191;93,1579832404161
1000,07104565;93,1687950406489
1000,46893293;93,1795567067053
1000,86678093;93,1902683850686
1001,26458963;93,2009302218794
1001,66235901;93,2115423632091
1002,06008904;93,2221049547935
1002,45777972;93,2326181430943
1002,85543101;93,2430820734439
1003,25304291;93,2534968921589
1003,65061539;93,263862744696
1004,04814844;93,2741797769643
1004,44564203;93,2844481342821
1004,84309615;93,2946679624158
1005,24051077;93,3048394065448
1005,63788588;93,3149626122924
1006,03522146;93,325037724953
1006,43251749;93,3350648897506
1006,82977395;93,3450442518385
1007,22699082;93,3549759562995
1007,62416809;93,3648601483937
1008,02130573;93,3746969728124
1008,41840372;93,3844865744257
1008,81546205;93,3942290982785
1009,21248069;93,4039246888521
1009,60945963;93,4135734910473
1010,00639885;93,4231756494475
1010,40329832;93,4327313083249
1010,80015804;93,4422406126026
1011,19697798;93,4517037064095
1011,59375812;93,4611207340451
1011,99049844;93,4704918397371
1012,38719893;93,4798171678768
1012,78385955;93,4890968620796
1013,18048031;93,4983310670596
1013,57706117;93,5075199262907
1013,97360212;93,5166635838742
1014,37010314;93,5257621836065
1014,7665642;93,5348158689848
1015,1629853;93,543824784119
1015,55936641;93,552789072362
1015,95570751;93,5617088772241
1016,35200858;93,5705843421436
1016,7482696;93,579415610487
1017,14449056;93,5882028257704
1017,54067144;93,5969461312136
1017,93681221;93,6056456697451
1018,33291286;93,6143015846623
1018,72897337;93,6229140189688
1019,12499372;93,6314831155967
1019,52097388;93,6400090171909
1019,91691385;93,6484918669697
1020,3128136;93,6569318074328
